Tourist Destination,Sectors,Place ID,Link,Mart Tel,Address
헬로키티아일랜드,테마파크,33703960,https://m.place.naver.com/place/33703960?entry=ple,064-792-6114,제주 서귀포시 안덕면 한창로 340
동백포레스트,"식물원,수목원",1611903913,https://m.place.naver.com/place/1611903913?entry=ple,0507-1331-2102,제주 서귀포시 남원읍 생기악로 53-38
아쿠아플라넷 제주,아쿠아리움,19708047,https://m.place.naver.com/place/19708047?entry=ple,1833-7001,제주 서귀포시 성산읍 섭지코지로 95 아쿠아플라넷 제주
카멜리아힐,"식물원,수목원",11846866,https://m.place.naver.com/place/11846866?entry=ple,064-800-6296,제주 서귀포시 안덕면 병악로 166
쇠소깍,"강,하천",11707633,https://m.place.naver.com/place/11707633?entry=ple,#,제주 서귀포시 쇠소깍로 104
스누피가든,"관람,체험",1875149782,https://m.place.naver.com/place/1875149782?entry=ple,064-903-1111,제주 제주시 구좌읍 금백조로 930
빛의 벙커,"관람,체험",1279138610,https://m.place.naver.com/place/1279138610?entry=ple,1522-2653,제주 서귀포시 성산읍 서성일로1168번길 89-17 A동
새별오름,오름,17029023,https://m.place.naver.com/place/17029023?entry=ple,#,제주 제주시 애월읍 봉성리 산59-8
사계해안,"해수욕장,해변",17083214,https://m.place.naver.com/place/17083214?entry=ple,#,제주 서귀포시 안덕면 사계리
금오름,오름,17020866,https://m.place.naver.com/place/17020866?entry=ple,#,제주 제주시 한림읍 금악리 산1-1
제주동백수목원,"식물원,수목원",1311209554,https://m.place.naver.com/place/1311209554?entry=ple,064-764-4473,제주 서귀포시 남원읍 위미리 929-2
테디베어뮤지엄,테마파크,11607804,https://m.place.naver.com/place/11607804?entry=ple,064-738-7600,제주 서귀포시 중문관광로110번길 31
신창풍차해안도로,드라이브,17040007,https://m.place.naver.com/place/17040007?entry=ple,#,제주 제주시 한경면 신창리 1481-23
용머리해안,"해수욕장,해변",13491455,https://m.place.naver.com/place/13491455?entry=ple,064-760-6321,제주 서귀포시 안덕면 사계리 112-3
산방산 탄산온천,"온천,스파",13044022,https://m.place.naver.com/place/13044022?entry=ple,064-792-8300,제주 서귀포시 안덕면 사계북로41번길 192
9.81 파크 제주,테마파크,1666616962,https://m.place.naver.com/place/1666616962?entry=ple,1833-9810,제주 제주시 애월읍 천덕로 880-24
에코랜드 테마파크,테마파크,19584967,https://m.place.naver.com/place/19584967?entry=ple,064-802-8000,제주 제주시 조천읍 번영로 1278-169
금능해수욕장,"해수욕장,해변",13491073,https://m.place.naver.com/place/13491073?entry=ple,064-728-3983,제주 제주시 한림읍 금능리
마노르블랑,"식물원,수목원",1509572684,https://m.place.naver.com/place/1509572684?entry=ple,0507-1339-1049,제주 서귀포시 안덕면 일주서로2100번길 46 1층
대포주상절리,기념물,12226192,https://m.place.naver.com/place/12226192?entry=ple,064-738-1521,제주 서귀포시 이어도로 36-24
정방폭포,폭포,11491630,https://m.place.naver.com/place/11491630?entry=ple,064-733-1530,제주 서귀포시 칠십리로214번길 37
함덕해수욕장,"해수욕장,해변",11491805,https://m.place.naver.com/place/11491805?entry=ple,064-728-3989,제주 제주시 조천읍 조함해안로 525
제주맥주,"관람,체험",85279427,https://m.place.naver.com/place/85279427?entry=ple,064-798-9872,제주 제주시 한림읍 금능농공길 62-11
이호테우해수욕장,"해수욕장,해변",11491767,https://m.place.naver.com/place/11491767?entry=ple,064-728-3994,제주 제주시 이호일동
제주항공우주박물관,박물관,33306659,https://m.place.naver.com/place/33306659?entry=ple,064-800-2000,제주 서귀포시 안덕면 녹차분재로 218 제주항공우주박물관
휴애리자연생활공원,자연공원,12047800,https://m.place.naver.com/place/12047800?entry=ple,064-732-2114,제주 서귀포시 남원읍 신례동로 256
절물자연휴양림,"휴양림,산림욕장",13165795,https://m.place.naver.com/place/13165795?entry=ple,064-728-1510,제주 제주시 명림로 584
한림공원,"식물원,수목원",11491281,https://m.place.naver.com/place/11491281?entry=ple,064-796-0001,제주 제주시 한림읍 한림로 300
파더스가든,"관광농원,팜스테이",1866060591,https://m.place.naver.com/place/1866060591?entry=ple,0507-1380-0036,제주 서귀포시 안덕면 병악로 44-33
숨도,박물관,11562701,https://m.place.naver.com/place/11562701?entry=ple,064-739-5588,제주 서귀포시 일주동로 8941
산양큰엉곶,"관람,체험",1518633268,https://m.place.naver.com/place/1518633268?entry=ple,0507-1341-4229,제주 제주시 한경면 청수리 956-6
수목원테마파크,테마파크,30811752,https://m.place.naver.com/place/30811752?entry=ple,064-742-3700,제주 제주시 은수길 69
판포포구,항구,1828521312,https://m.place.naver.com/place/1828521312?entry=ple,#,제주 제주시 한경면 판포리 2877-3
만장굴(휴무중),문화재,11608192,https://m.place.naver.com/place/11608192?entry=ple,064-710-7903,제주 제주시 구좌읍 만장굴길 182
1100고지습지,자연명소,17063361,https://m.place.naver.com/place/17063361?entry=ple,#,제주 서귀포시 1100로 1555
여미지식물원,"식물원,수목원",11583650,https://m.place.naver.com/place/11583650?entry=ple,064-735-1100,제주 서귀포시 중문관광로 93
비자림,"휴양림,산림욕장",12370507,https://m.place.naver.com/place/12370507?entry=ple,064-710-7912,제주 제주시 구좌읍 비자숲길 55
신화테마파크,테마파크,1870600980,https://m.place.naver.com/place/1870600980?entry=ple,1670-1188,제주 서귀포시 안덕면 신화역사로304번길 98 신화테마파크
협재해수욕장,"해수욕장,해변",11491807,https://m.place.naver.com/place/11491807?entry=ple,064-728-3981,제주 제주시 한림읍 협재리 2497-1
도두동무지개해안도로,"거리,골목",1037809518,https://m.place.naver.com/place/1037809518?entry=ple,#,제주 제주시 도두일동  1734
어승생악,오름,31298753,https://m.place.naver.com/place/31298753?entry=ple,064-713-9953,제주 제주시 해안동  산220-12
화조원,동물원,1829863449,https://m.place.naver.com/place/1829863449?entry=ple,0507-1388-9988,제주 제주시 애월읍 애원로 804
천제연폭포,폭포,11491637,https://m.place.naver.com/place/11491637?entry=ple,064-760-6331,제주 서귀포시 천제연로 132 천제연폭포관리소
제주민속촌,"관람,체험",11590712,https://m.place.naver.com/place/11590712?entry=ple,0507-1457-4502,제주 서귀포시 표선면 민속해안로 631-34
세계자동차&피아노 박물관,박물관,12818600,https://m.place.naver.com/place/12818600?entry=ple,064-792-3000,제주 서귀포시 안덕면 중산간서로 1610 세계자동차 제주박물관
제주레일바이크,레일바이크,33359625,https://m.place.naver.com/place/33359625?entry=ple,064-783-0033,제주 제주시 구좌읍 용눈이오름로 641
김녕해수욕장,"해수욕장,해변",13491485,https://m.place.naver.com/place/13491485?entry=ple,064-728-3988,제주 제주시 구좌읍 김녕리
한라산,산,11796130,https://m.place.naver.com/place/11796130?entry=ple,064-713-9950,제주 서귀포시 토평동 산15-1
천지연폭포,폭포,11491638,https://m.place.naver.com/place/11491638?entry=ple,064-733-1528,제주 서귀포시 천지동 667-7
수목원길 야시장,지역명소,1975398348,https://m.place.naver.com/place/1975398348?entry=ple,#,제주 제주시 은수길 69
새연교,지역명소,17052534,https://m.place.naver.com/place/17052534?entry=ple,064-760-3471,제주 서귀포시 서홍동
새별프렌즈,동물원,1882939263,https://m.place.naver.com/place/1882939263?entry=ple,0507-1474-2832,제주 제주시 애월읍 평화로 1529
하례감귤체험농장,"관광농원,팜스테이",1081961094,https://m.place.naver.com/place/1081961094?entry=ple,0507-1408-4755,제주 서귀포시 남원읍 하신로 211
큰엉해안경승지,자연명소,13542738,https://m.place.naver.com/place/13542738?entry=ple,064-760-4181,제주 서귀포시 남원읍 태위로 522-17 큰엉전망대
신화워터파크,워터파크,1960638614,https://m.place.naver.com/place/1960638614?entry=ple,1670-1188,제주 서귀포시 안덕면 신화역사로304번길 38
섭지코지,자연명소,13490878,https://m.place.naver.com/place/13490878?entry=ple,064-782-2810,제주 서귀포시 성산읍 고성리
외돌개,"관람,체험",13491873,https://m.place.naver.com/place/13491873?entry=ple,064-760-3192,제주 서귀포시 서홍동 791
건강과 성 박물관,박물관,11714892,https://m.place.naver.com/place/11714892?entry=ple,064-792-5700,제주 서귀포시 안덕면 일주서로 1611 건강과 성 박물관
광치기해변,"해수욕장,해변",38466341,https://m.place.naver.com/place/38466341?entry=ple,#,제주 서귀포시 성산읍 고성리 224-33
소천지,자연명소,1196006105,https://m.place.naver.com/place/1196006105?entry=ple,#,제주 서귀포시 보목동 1400
테디베어하우스 테지움,테마파크,19555652,https://m.place.naver.com/place/19555652?entry=ple,0507-1406-1120,제주 제주시 애월읍 평화로 2159 테디베어하우스 테지움
도치돌알파카목장,동물원,1519191855,https://m.place.naver.com/place/1519191855?entry=ple,064-799-6690,제주 제주시 애월읍 도치돌길 303 도치돌알파카목장
우도,섬,13491925,https://m.place.naver.com/place/13491925?entry=ple,064-782-5671,제주 제주시 우도면
제주러브랜드,박물관,11607761,https://m.place.naver.com/place/11607761?entry=ple,064-712-6988,제주 제주시 1100로 2894-72 제주러브랜드
더마파크,테마파크,13028494,https://m.place.naver.com/place/13028494?entry=ple,064-795-8080,제주 제주시 한림읍 월림7길 155 더마파크
삼양해수욕장,"해수욕장,해변",13491607,https://m.place.naver.com/place/13491607?entry=ple,064-728-3991,제주 제주시 삼양동
도두봉,"봉우리,고지",13481038,https://m.place.naver.com/place/13481038?entry=ple,#,제주 제주시 도두항길 4-17
박물관은살아있다 제주,테마파크,34761905,https://m.place.naver.com/place/34761905?entry=ple,064-805-0888,제주 서귀포시 중문관광로 42 박물관은살아있다 제주
제주실탄사격장,"레저,테마",34359573,https://m.place.naver.com/place/34359573?entry=ple,064-739-7007,제주 서귀포시 소보리당로164번길 62
서귀포자연휴양림,"휴양림,산림욕장",11491026,https://m.place.naver.com/place/11491026?entry=ple,064-738-4544,제주 서귀포시 1100로 882
환상숲곶자왈공원,자연공원,37232778,https://m.place.naver.com/place/37232778?entry=ple,064-772-2488,제주 제주시 한경면 녹차분재로 594-1
제주허브동산,"식물원,수목원",11656926,https://m.place.naver.com/place/11656926?entry=ple,064-787-7362,제주 서귀포시 표선면 돈오름로 170
엉또폭포,폭포,13491671,https://m.place.naver.com/place/13491671?entry=ple,#,제주 서귀포시 강정동
제주라프,짚라인,1837092381,https://m.place.naver.com/place/1837092381?entry=ple,064-784-9030,제주 제주시 조천읍 선교로 115-1
서귀포 치유의 숲,"휴양림,산림욕장",38410665,https://m.place.naver.com/place/38410665?entry=ple,064-760-3067,제주 서귀포시 산록남로 2271
별방진,성곽명,20059158,https://m.place.naver.com/place/20059158?entry=ple,064-710-3314,제주 제주시 구좌읍 하도리 3354
사라오름,오름,17075242,https://m.place.naver.com/place/17075242?entry=ple,#,제주 서귀포시 남원읍 신례리 산2-1
산방산,산,13491591,https://m.place.naver.com/place/13491591?entry=ple,064-794-2940,제주 서귀포시 안덕면
성산일출봉,"봉우리,고지",11491438,https://m.place.naver.com/place/11491438?entry=ple,064-783-0959,제주 서귀포시 성산읍 성산리 1
액트몬 제주점,테마파크,1496248735,https://m.place.naver.com/place/1496248735?entry=ple,064-739-2839,제주 서귀포시 중문관광로 205 코시롱빌딩 B1층
한라산둘레길7구간(사려니숲길),도보코스,13481066,https://m.place.naver.com/place/13481066?entry=ple,064-900-8800,제주 제주시 조천읍 교래리 산137-1
곽지해수욕장,"해수욕장,해변",13491575,https://m.place.naver.com/place/13491575?entry=ple,064-728-3985,제주 제주시 애월읍 곽지리
노형수퍼마켙,"관람,체험",1573461858,https://m.place.naver.com/place/1573461858?entry=ple,064-713-1888,제주 제주시 노형로 89
브릭캠퍼스 제주,테마파크,1961414272,https://m.place.naver.com/place/1961414272?entry=ple,064-712-1258,제주 제주시 1100로 3047 브릭캠퍼스
달달미깡감귤밭,"관광농원,팜스테이",1075736943,https://m.place.naver.com/place/1075736943?entry=ple,0507-1348-3678,제주 제주시 삼양일동 498-1
캔디원,"관람,체험",1241487322,https://m.place.naver.com/place/1241487322?entry=ple,0507-1349-5260,제주 제주시 조천읍 선교로 384 캔디원 CANDYONE
군산오름,오름,17082282,https://m.place.naver.com/place/17082282?entry=ple,#,제주 서귀포시 안덕면 창천리 564
거문오름,오름,20378654,https://m.place.naver.com/place/20378654?entry=ple,064-710-8981,제주 제주시 조천읍 선교로 569-36
구엄리돌염전,자연명소,19658870,https://m.place.naver.com/place/19658870?entry=ple,#,제주 제주시 애월읍 구엄리
백약이오름,오름,17088184,https://m.place.naver.com/place/17088184?entry=ple,#,제주 서귀포시 표선면 성읍리 산1
한라수목원,"식물원,수목원",11607760,https://m.place.naver.com/place/11607760?entry=ple,064-710-7575,제주 제주시 수목원길 72
항파두리항몽유적지,"유적지,사적지",12226320,https://m.place.naver.com/place/12226320?entry=ple,064-710-6726,제주 제주시 애월읍 항파두리로 50
닭머르,전망대,1593175278,https://m.place.naver.com/place/1593175278?entry=ple,#,제주 제주시 조천읍 신촌리 3403
동백동산,"숲,숲길",13481079,https://m.place.naver.com/place/13481079?entry=ple,064-784-9446,제주 제주시 조천읍 선흘리 산12
다랑쉬오름,오름,17031585,https://m.place.naver.com/place/17031585?entry=ple,#,제주 제주시 구좌읍 세화리
송악산둘레길,도보코스,1798957645,https://m.place.naver.com/place/1798957645?entry=ple,#,제주 서귀포시 대정읍 상모리 245
한라산소주,"관람,체험",1514283247,https://m.place.naver.com/place/1514283247?entry=ple,064-729-1959,제주 제주시 한림읍 한림로 555
문도지오름,오름,17020576,https://m.place.naver.com/place/17020576?entry=ple,#,제주 제주시 한림읍 금악리
청굴물,자연명소,1188204579,https://m.place.naver.com/place/1188204579?entry=ple,#,제주 제주시 구좌읍 김녕로1길 75-1
제주김녕미로공원,"식물원,수목원",12405292,https://m.place.naver.com/place/12405292?entry=ple,0507-1402-9266,제주 제주시 구좌읍 만장굴길 122
루나폴,테마파크,1823167512,https://m.place.naver.com/place/1823167512?entry=ple,064-794-9680,제주 서귀포시 안덕면 일주서로 1836 루나폴
싱계물공원,자연공원,17039969,https://m.place.naver.com/place/17039969?entry=ple,#,제주 제주시 한경면 신창리 1322-1
수산봉,"봉우리,고지",17025090,https://m.place.naver.com/place/17025090?entry=ple,#,제주 제주시 애월읍 수산리 산1-1
낙타트래킹,"관람,체험",699852173,https://m.place.naver.com/place/699852173?entry=ple,064-787-2256,제주 서귀포시 표선면 번영로 2564-21
법환포구,항구,17047413,https://m.place.naver.com/place/17047413?entry=ple,#,제주 서귀포시 법환동
용두암,자연명소,13491801,https://m.place.naver.com/place/13491801?entry=ple,#,제주 제주시 용두암길 15
캐니언파크 제주,동물원,1783077656,https://m.place.naver.com/place/1783077656?entry=ple,0507-1425-1234,제주 제주시 삼무로 51 1층
붉은오름자연휴양림,"휴양림,산림욕장",21370013,https://m.place.naver.com/place/21370013?entry=ple,064-782-9171,제주 서귀포시 표선면 남조로 1487-73
열대과일농장 유진팡,"관람,체험",1348050730,https://m.place.naver.com/place/1348050730?entry=ple,0507-1383-6896,제주 서귀포시 남원읍 원님로399번길 31-7
제주곶자왈도립공원,도립공원,36992417,https://m.place.naver.com/place/36992417?entry=ple,064-792-6047,제주 서귀포시 대정읍 에듀시티로 178
제주올레길5코스,도보코스,19932845,https://m.place.naver.com/place/19932845?entry=ple,064-762-2190,제주 서귀포시 남원읍 위미리
목장카페 드르쿰다,테마파크,13126047,https://m.place.naver.com/place/13126047?entry=ple,064-787-5220,제주 서귀포시 표선면 번영로 2454
봉봉감귤체험농장,"관광농원,팜스테이",1330917343,https://m.place.naver.com/place/1330917343?entry=ple,0507-1477-8866,제주 서귀포시 남원읍 중산간동로7141번길 16
트로이테마농원,"관광농원,팜스테이",36321099,https://m.place.naver.com/place/36321099?entry=ple,0507-1342-8625,제주 서귀포시 안덕면 녹차분재로 56
용눈이오름,오름,13529824,https://m.place.naver.com/place/13529824?entry=ple,#,제주 제주시 구좌읍 종달리 산28
돌하르방미술관,테마공원,10983870,https://m.place.naver.com/place/10983870?entry=ple,064-782-0570,제주 제주시 조천읍 북촌서1길 70
제주돌문화공원,자연공원,13350575,https://m.place.naver.com/place/13350575?entry=ple,064-710-7731,제주 제주시 조천읍 남조로 2023 교래자연휴양림
중문색달해수욕장,"해수욕장,해변",11491786,https://m.place.naver.com/place/11491786?entry=ple,064-739-4993,제주 서귀포시 색달동
보내다제주,"관광농원,팜스테이",1650752049,https://m.place.naver.com/place/1650752049?entry=ple,0507-1343-6929,제주 서귀포시 표선면 토산중앙로 487-134
무민랜드제주,"관람,체험",1916087538,https://m.place.naver.com/place/1916087538?entry=ple,064-794-0420,제주 서귀포시 안덕면 병악로 420
가파도,섬,13491177,https://m.place.naver.com/place/13491177?entry=ple,064-794-7130,제주 서귀포시 대정읍 가파리
사려니숲길,"숲,숲길",112862112,https://m.place.naver.com/place/112862112?entry=ple,#,제주 제주시 봉개동 산64-5
물영아리,오름,17071747,https://m.place.naver.com/place/17071747?entry=ple,064-728-6200,제주 서귀포시 남원읍 수망리 산188
그리스신화박물관,박물관,20947594,https://m.place.naver.com/place/20947594?entry=ple,064-773-5800,제주 제주시 한림읍 광산로 942
드르쿰다 in 성산,테마파크,1228479813,https://m.place.naver.com/place/1228479813?entry=ple,0507-1303-2197,제주 서귀포시 성산읍 섭지코지로25번길 64
산호해수욕장,"해수욕장,해변",13491787,https://m.place.naver.com/place/13491787?entry=ple,#,제주 제주시 우도면
월정리해수욕장,"해수욕장,해변",20561777,https://m.place.naver.com/place/20561777?entry=ple,#,제주 제주시 구좌읍 월정리 33-3
과물노천탕,"온천,스파",17028223,https://m.place.naver.com/place/17028223?entry=ple,#,제주 제주시 애월읍 곽지리
액티브파크 제주,테마파크,1865664437,https://m.place.naver.com/place/1865664437?entry=ple,0507-1461-0881,제주 제주시 한림읍 금능남로 76 액티브파크 제주
산방산 랜드,자연명소,1539131369,https://m.place.naver.com/place/1539131369?entry=ple,#,제주 서귀포시 안덕면 사계리 117-2
한담해안산책로,도보코스,13481090,https://m.place.naver.com/place/13481090?entry=ple,#,제주 제주시 애월읍 곽지리 1359
토토아뜰리에,"관람,체험",1015224925,https://m.place.naver.com/place/1015224925?entry=ple,0507-1318-7676,제주 제주시 애월읍 고성북길 112 토토아뜰리에
비체올린,테마파크,1634898042,https://m.place.naver.com/place/1634898042?entry=ple,0507-1348-0000,제주 제주시 한경면 판조로 253-6 비체올린
귤의정원 바령,체험여행,1510624446,https://m.place.naver.com/place/1510624446?entry=ple,0507-1386-8784,제주 제주시 조천읍 선흘남3길 87
보목포구,항구,1888767391,https://m.place.naver.com/place/1888767391?entry=ple,#,제주 서귀포시 보목포로 46
약천사,"절,사찰",12374138,https://m.place.naver.com/place/12374138?entry=ple,064-738-5000,제주 서귀포시 이어도로 293-28
제주불빛정원,테마파크,876072168,https://m.place.naver.com/place/876072168?entry=ple,0507-1416-6996,제주 제주시 애월읍 평화로 2346
대포해안주상절리대,기념물,16927391,https://m.place.naver.com/place/16927391?entry=ple,#,제주 서귀포시 이어도로 36-24
박수기정,지역명소,1070917642,https://m.place.naver.com/place/1070917642?entry=ple,#,제주 서귀포시 안덕면 감산리 1008
성읍민속마을,체험마을,13491577,https://m.place.naver.com/place/13491577?entry=ple,064-710-6797,제주 서귀포시 표선면 성읍리 3294
메이즈랜드,테마공원,20034615,https://m.place.naver.com/place/20034615?entry=ple,064-784-3838,제주 제주시 구좌읍 비자림로 2134-47 메이즈랜드
제주올레길7코스,도보코스,19932849,https://m.place.naver.com/place/19932849?entry=ple,064-762-2190,제주 서귀포시 강정동
검멀레,"관람,체험",17041405,https://m.place.naver.com/place/17041405?entry=ple,#,제주 제주시 우도면 연평리
이중섭거리,"거리,골목",17046195,https://m.place.naver.com/place/17046195?entry=ple,#,제주 서귀포시 이중섭로 29 이중섭생가
아부오름,오름,13481082,https://m.place.naver.com/place/13481082?entry=ple,#,제주 제주시 구좌읍 송당리 산164-1
제주항,항구,13538031,https://m.place.naver.com/place/13538031?entry=ple,#,제주 제주시 건입동
어영공원,근린공원,19656235,https://m.place.naver.com/place/19656235?entry=ple,#,제주 제주시 용담삼동 2396-16
제주양떼목장,"관람,체험",21093926,https://m.place.naver.com/place/21093926?entry=ple,064-799-7346,제주 제주시 애월읍 도치돌길 289-13
세화해수욕장,"해수욕장,해변",13491684,https://m.place.naver.com/place/13491684?entry=ple,064-728-7783,제주 제주시 구좌읍
탑동광장,광장,13481076,https://m.place.naver.com/place/13481076?entry=ple,064-728-2952,제주 제주시 중앙로 1
미천굴,동굴,13491602,https://m.place.naver.com/place/13491602?entry=ple,064-784-2080,제주 서귀포시 성산읍 중산간동로 4150-30 일출랜드
원앙폭포,폭포,17054754,https://m.place.naver.com/place/17054754?entry=ple,#,제주 서귀포시 돈내코로 137
따라비오름,오름,17088805,https://m.place.naver.com/place/17088805?entry=ple,#,제주 서귀포시 표선면 가시리 산62
귤향기,"관광농원,팜스테이",38310810,https://m.place.naver.com/place/38310810?entry=ple,010-9630-3618,제주 제주시 1100로 3118
수월봉 지질트레일,도보여행,1969064583,https://m.place.naver.com/place/1969064583?entry=ple,064-772-3334,제주 제주시 한경면 고산리 3760
상가리야자숲,"휴양림,산림욕장",1647855493,https://m.place.naver.com/place/1647855493?entry=ple,010-3694-9738,제주 제주시 애월읍 고하상로 326
애월카페거리,"거리,골목",1117994229,https://m.place.naver.com/place/1117994229?entry=ple,#,제주 제주시 애월읍 애월북서길 56-1
표선해수욕장,"해수욕장,해변",13491363,https://m.place.naver.com/place/13491363?entry=ple,064-760-4992,제주 서귀포시 표선면 표선리
제주바다체험장,"관람,체험",12995388,https://m.place.naver.com/place/12995388?entry=ple,064-784-5757,제주 제주시 구좌읍 일주동로 1921
제주4.3평화공원,"도시,테마공원",37598939,https://m.place.naver.com/place/37598939?entry=ple,0507-1347-4344,제주 제주시 명림로 430
소인국 테마파크,테마파크,11555793,https://m.place.naver.com/place/11555793?entry=ple,064-793-5400,제주 서귀포시 안덕면 중산간서로 1878
렛츠런파크 제주,"도시,테마공원",11816108,https://m.place.naver.com/place/11816108?entry=ple,1566-3333,제주 제주시 애월읍 평화로 2144 렛츠런파크 제주
하도해수욕장,"해수욕장,해변",13491451,https://m.place.naver.com/place/13491451?entry=ple,064-728-7783,제주 제주시 구좌읍 하도리
비밀의숲,"휴양림,산림욕장",1104457165,https://m.place.naver.com/place/1104457165?entry=ple,0507-1323-4609,제주 제주시 구좌읍 송당리 2173
이음새농장,"관람,체험",37993574,https://m.place.naver.com/place/37993574?entry=ple,064-764-3773,제주 서귀포시 남원읍 위미리 4137-1
제주안전체험관,"관람,체험",1985618339,https://m.place.naver.com/place/1985618339?entry=ple,064-710-4010,제주 제주시 애월읍 평화로 1885
송악산,산,11491447,https://m.place.naver.com/place/11491447?entry=ple,064-120,제주 서귀포시 대정읍 송악관광로 421-1
우도봉,"관람,체험",17041197,https://m.place.naver.com/place/17041197?entry=ple,#,제주 제주시 우도면 연평리 산17
제주올레길6코스,도보코스,19932848,https://m.place.naver.com/place/19932848?entry=ple,064-762-2190,제주 서귀포시 보목동 1377-4
일출랜드,테마파크,11491279,https://m.place.naver.com/place/11491279?entry=ple,064-784-2080,제주 서귀포시 성산읍 중산간동로 4150-30
생각하는 정원,"식물원,수목원",11600019,https://m.place.naver.com/place/11600019?entry=ple,0507-1324-3701,제주 제주시 한경면 녹차분재로 675 생각하는정원
탐나는농장,"관광농원,팜스테이",1729797371,https://m.place.naver.com/place/1729797371?entry=ple,0507-1320-2721,제주 제주시 애월읍 오당빌레길 88 탐나는농장
제주월령리선인장군락,기념물,13481089,https://m.place.naver.com/place/13481089?entry=ple,#,제주 제주시 한림읍 월령리 359-4
캐릭파크,"관람,체험",34856892,https://m.place.naver.com/place/34856892?entry=ple,064-784-3500,제주 제주시 조천읍 선교로 266 캐릭파크
걸매생태공원,"자연,생태공원",20027766,https://m.place.naver.com/place/20027766?entry=ple,#,제주 서귀포시 서홍동 1207
제주교래자연휴양림,"휴양림,산림욕장",20043113,https://m.place.naver.com/place/20043113?entry=ple,064-710-7475,제주 제주시 조천읍 남조로 2023 교래자연휴양림
제주자연생태공원,"자연,생태공원",1934268430,https://m.place.naver.com/place/1934268430?entry=ple,064-787-4711,제주 서귀포시 성산읍 금백조로 448 제주자연생태공원
토이파크,박물관,37526125,https://m.place.naver.com/place/37526125?entry=ple,0507-1417-0334,제주 서귀포시 안덕면 동광로 267-7
자구리공원,"도시,테마공원",35418339,https://m.place.naver.com/place/35418339?entry=ple,064-760-3192,제주 서귀포시 서귀동 70-1
고흐의정원,"관람,체험",1548929308,https://m.place.naver.com/place/1548929308?entry=ple,064-783-6700,제주 서귀포시 성산읍 삼달신풍로 126-5
고스트타운,"관람,체험",37160691,https://m.place.naver.com/place/37160691?entry=ple,064-748-4245,제주 제주시 애월읍 부룡수길 35-14
엉덩물계곡,계곡,1372279326,https://m.place.naver.com/place/1372279326?entry=ple,#,제주 서귀포시 색달동 3384-4
제주별빛누리공원,과학관,13098298,https://m.place.naver.com/place/13098298?entry=ple,064-728-8900,제주 제주시 선돌목동길 60 별빛누리공원
텐저린267감귤체험농장,"관광농원,팜스테이",1395566754,https://m.place.naver.com/place/1395566754?entry=ple,010-5459-0267,제주 제주시 삼양일동 267
알작지,"해수욕장,해변",32456761,https://m.place.naver.com/place/32456761?entry=ple,#,제주 제주시 테우해안로 60
황우지선녀탕,자연명소,1986792057,https://m.place.naver.com/place/1986792057?entry=ple,#,제주 서귀포시 서홍동 795-5
서귀포 김정희 유배지,"유적지,사적지",13541992,https://m.place.naver.com/place/13541992?entry=ple,064-710-6803,제주 서귀포시 추사로 44 매표소
편백포레스트,"관람,체험",1089376984,https://m.place.naver.com/place/1089376984?entry=ple,0507-1329-5099,제주 서귀포시 남원읍 서성로 544-97 편백포레스트
제주 유리의성,박물관,12978248,https://m.place.naver.com/place/12978248?entry=ple,064-772-7777,제주 제주시 한경면 녹차분재로 462
삼성혈,"유적지,사적지",917337890,https://m.place.naver.com/place/917337890?entry=ple,064-722-3315,제주 제주시 삼성로 22
지미봉,"봉우리,고지",17032438,https://m.place.naver.com/place/17032438?entry=ple,#,제주 제주시 구좌읍 종달리 산3-1
최남단체험감귤농장,"관광농원,팜스테이",12960069,https://m.place.naver.com/place/12960069?entry=ple,0507-1402-7759,제주 서귀포시 남원읍 남위남성로 164
제주올레길17코스,도보코스,19936065,https://m.place.naver.com/place/19936065?entry=ple,064-762-2190,제주 제주시 도두일동 산4
아라고나이트 고온천,"온천,스파",37933227,https://m.place.naver.com/place/37933227?entry=ple,064-793-6006,제주 서귀포시 안덕면 산록남로762번길 71
초콜릿박물관,박물관,32165845,https://m.place.naver.com/place/32165845?entry=ple,064-792-3121,제주 서귀포시 대정읍 일주서로3000번길 144 초콜릿박물관
성산항,항구,17076269,https://m.place.naver.com/place/17076269?entry=ple,#,제주 서귀포시 성산읍 성산등용로 129-21
노리매,"도시,테마공원",21607831,https://m.place.naver.com/place/21607831?entry=ple,064-792-8211,제주 서귀포시 대정읍 중산간서로 2260-15
안덕계곡,계곡,11491209,https://m.place.naver.com/place/11491209?entry=ple,064-794-9001,제주 서귀포시 안덕면 감산리 1946
트릭아이미술관,테마파크,31149186,https://m.place.naver.com/place/31149186?entry=ple,064-773-5800,제주 제주시 한림읍 광산로 942
서귀포칠십리시공원,"도시,테마공원",17054113,https://m.place.naver.com/place/17054113?entry=ple,#,제주 서귀포시 현청로 41-19
제주송정농원,"관광농원,팜스테이",31992132,https://m.place.naver.com/place/31992132?entry=ple,0507-1405-2381,제주 제주시 영평동 2465-7
혼인지,자연명소,12226327,https://m.place.naver.com/place/12226327?entry=ple,064-710-6798,제주 서귀포시 성산읍 혼인지로 39-22 혼인지
세리월드,테마공원,11781307,https://m.place.naver.com/place/11781307?entry=ple,0507-1438-8255,제주 서귀포시 법환상로2번길 97-13
평대해변,"해수욕장,해변",1009102498,https://m.place.naver.com/place/1009102498?entry=ple,#,제주 제주시 구좌읍 평대리 1994-20
삼다수숲길,"숲,숲길",1216529782,https://m.place.naver.com/place/1216529782?entry=ple,#,제주 제주시 조천읍 교래리 산70-1
논짓물,자연명소,1582332619,https://m.place.naver.com/place/1582332619?entry=ple,064-760-4854,제주 서귀포시 예래해안로 253
초콜릿랜드,박물관,16933121,https://m.place.naver.com/place/16933121?entry=ple,064-738-1197,제주 서귀포시 중문관광로110번길 15
연화지,"호수,연못,저수지",17026393,https://m.place.naver.com/place/17026393?entry=ple,#,제주 제주시 애월읍 하가리 1569-2
제주센트럴파크,"관람,체험",11558557,https://m.place.naver.com/place/11558557?entry=ple,064-782-7720,제주 제주시 조천읍 비자림로 606 제주 센트럴파크
안돌오름,오름,17030578,https://m.place.naver.com/place/17030578?entry=ple,#,제주 제주시 구좌읍 송당리 산66-2
마라도,섬,11491877,https://m.place.naver.com/place/11491877?entry=ple,064-120,제주 서귀포시 대정읍 가파리 600
감귤나무숲,"관광농원,팜스테이",1244216123,https://m.place.naver.com/place/1244216123?entry=ple,0507-1416-7733,제주 제주시 도련남3길 81
제주융합과학연구원 제주과학탐구체험관,"관람,체험",19703008,https://m.place.naver.com/place/19703008?entry=ple,#,제주 제주시 오라이동 1-1
제주올레길1코스,도보코스,19932808,https://m.place.naver.com/place/19932808?entry=ple,064-762-2190,제주 서귀포시 성산읍 오조리 396-1
동쪽송당 동화마을,자연공원,1130170517,https://m.place.naver.com/place/1130170517?entry=ple,064-743-5000,제주 제주시 구좌읍 비자림로 1191 동쪽송당 동화마을
선녀와나무꾼테마공원,테마공원,12870248,https://m.place.naver.com/place/12870248?entry=ple,064-784-9001,제주 제주시 조천읍 선교로 267
맛동산감귤체험농장,"관광농원,팜스테이",1034553275,https://m.place.naver.com/place/1034553275?entry=ple,0507-1329-8030,제주 제주시 애월읍 광령2길 62-1
궷물오름,오름,17029964,https://m.place.naver.com/place/17029964?entry=ple,#,제주 제주시 애월읍 유수암리
코난해변,"해수욕장,해변",1892836085,https://m.place.naver.com/place/1892836085?entry=ple,#,제주 제주시 구좌읍 행원리 575-6
신산공원,근린공원,17092876,https://m.place.naver.com/place/17092876?entry=ple,064-726-0885,제주 제주시 일도이동 830
제주빅볼랜드,"관람,체험",36960447,https://m.place.naver.com/place/36960447?entry=ple,1588-6418,제주 제주시 구좌읍 송당리 산164-4
귤빛정원 감귤체험농장,"관광농원,팜스테이",1739944344,https://m.place.naver.com/place/1739944344?entry=ple,0507-1388-5323,제주 제주시 애월읍 애월원당길 101 1층
제주올레길8코스,도보코스,19932863,https://m.place.naver.com/place/19932863?entry=ple,064-762-2190,제주 서귀포시 색달동 2091-5
코코몽에코파크 제주점,테마파크,32378272,https://m.place.naver.com/place/32378272?entry=ple,1661-4284,제주 서귀포시 남원읍 태위로 536 제주코코몽에코파크
머체왓숲길,관광안내소,38704284,https://m.place.naver.com/place/38704284?entry=ple,0507-1327-3113,제주 서귀포시 남원읍 서성로 755
제주공룡랜드,테마파크,12367212,https://m.place.naver.com/place/12367212?entry=ple,064-746-3060,제주 제주시 애월읍 광령평화2길 1
속골유원지,유원지,38448226,https://m.place.naver.com/place/38448226?entry=ple,#,제주 서귀포시 호근동 1645
용연구름다리,지역명소,17099516,https://m.place.naver.com/place/17099516?entry=ple,#,제주 제주시 용담이동 2581
서귀포천문과학문화관,천문대,12381878,https://m.place.naver.com/place/12381878?entry=ple,064-739-9701,제주 서귀포시 1100로 506-1 천문과학문화관
노루생태관찰원,"자연,생태공원",13072135,https://m.place.naver.com/place/13072135?entry=ple,064-728-3611,제주 제주시 명림로 520
마방목지,자연명소,1044993212,https://m.place.naver.com/place/1044993212?entry=ple,064-710-2298,제주 제주시 용강동
상효원수목원,"식물원,수목원",34647096,https://m.place.naver.com/place/34647096?entry=ple,064-733-2200,제주 서귀포시 산록남로 2847-37
아끈다랑쉬,오름,17031333,https://m.place.naver.com/place/17031333?entry=ple,#,제주 제주시 구좌읍 세화리 2593
백록담,"호수,연못,저수지",13490872,https://m.place.naver.com/place/13490872?entry=ple,064-756-9950,제주 서귀포시 토평동 산15-1
한라생태숲,"숲,숲길",13460691,https://m.place.naver.com/place/13460691?entry=ple,064-710-8688,제주 제주시 516로 2596
제주킴스농장 귤창고,"관광농원,팜스테이",1020100761,https://m.place.naver.com/place/1020100761?entry=ple,0507-1434-1559,제주 서귀포시 서호동 567
신비의도로,드라이브,12226334,https://m.place.naver.com/place/12226334?entry=ple,064-728-2114,제주 제주시 노형동 291-17
도두봉전망대,전망대,19649978,https://m.place.naver.com/place/19649978?entry=ple,#,제주 제주시 도두일동 산1
모슬포항,항구,13542625,https://m.place.naver.com/place/13542625?entry=ple,#,제주 서귀포시 대정읍 하모리
태웃개,자연명소,1539110334,https://m.place.naver.com/place/1539110334?entry=ple,#,제주 서귀포시 남원읍 태위로398번길 57
부림온천,"온천,스파",11614884,https://m.place.naver.com/place/11614884?entry=ple,064-711-4000,제주 제주시 과원로 70
서프라이즈 테마파크,테마파크,1193663990,https://m.place.naver.com/place/1193663990?entry=ple,064-783-7272,제주 제주시 조천읍 남조로 2243
형제섬,섬,17083071,https://m.place.naver.com/place/17083071?entry=ple,064-760-2913,제주 서귀포시 안덕면 사계리 산44
오저여,일출명소,1325154977,https://m.place.naver.com/place/1325154977?entry=ple,#,제주 제주시 구좌읍 행원리
소정방폭포,폭포,17057278,https://m.place.naver.com/place/17057278?entry=ple,064-733-1530,제주 서귀포시 토평동
알뜨르비행장및일본군비행기격납고,문화재,32449337,https://m.place.naver.com/place/32449337?entry=ple,#,제주 서귀포시 대정읍 상모리
삼다공원,근린공원,19648880,https://m.place.naver.com/place/19648880?entry=ple,#,제주 제주시 연동 302-2
두산봉,"봉우리,고지",17077041,https://m.place.naver.com/place/17077041?entry=ple,#,제주 서귀포시 성산읍 시흥리 산1-5
제주4.3평화기념관,"기념관,생가",1512946594,https://m.place.naver.com/place/1512946594?entry=ple,064-723-4344,제주 제주시 명림로 430
윗세오름,오름,31825951,https://m.place.naver.com/place/31825951?entry=ple,#,제주 서귀포시 서호동
제주올레길21코스,도보코스,31390234,https://m.place.naver.com/place/31390234?entry=ple,064-762-2190,제주 제주시 구좌읍 하도리 22-4
방림원,"식물원,수목원",11661222,https://m.place.naver.com/place/11661222?entry=ple,0507-1422-0187,제주 제주시 한경면 용금로 864
하모해수욕장,"해수욕장,해변",13491319,https://m.place.naver.com/place/13491319?entry=ple,#,제주 서귀포시 대정읍 하모리
강창학공원,"도시,테마공원",217476489,https://m.place.naver.com/place/217476489?entry=ple,#,제주 서귀포시 중산간서로 95
지귀도,섬,13542751,https://m.place.naver.com/place/13542751?entry=ple,#,제주 서귀포시 남원읍 위미리
짱구네유채꽃밭,자연명소,1737307184,https://m.place.naver.com/place/1737307184?entry=ple,#,제주 서귀포시 성산읍 수산리 1021
성읍랜드,테마파크,13040524,https://m.place.naver.com/place/13040524?entry=ple,0507-1335-5324,제주 서귀포시 표선면 번영로 2650
누웨마루거리,문화거리,1195437323,https://m.place.naver.com/place/1195437323?entry=ple,#,제주 제주시 연동7길 31
자파리 감귤체험장,"관광농원,팜스테이",1357521847,https://m.place.naver.com/place/1357521847?entry=ple,0507-1353-2910,제주 서귀포시 남원읍 태수로 161
도시해녀,"관람,체험",1253949639,https://m.place.naver.com/place/1253949639?entry=ple,010-2313-7412,제주 제주시 애월읍 하귀미수포길 16-1
포레스트 공룡사파리,테마파크,1071392259,https://m.place.naver.com/place/1071392259?entry=ple,064-783-0300,제주 제주시 조천읍 선교로 474-1
베니스랜드,테마파크,34217478,https://m.place.naver.com/place/34217478?entry=ple,064-784-6565,제주 서귀포시 성산읍 난산리 2575
제주올레길7-1코스,도보코스,19932858,https://m.place.naver.com/place/19932858?entry=ple,064-762-2190,제주 서귀포시 호근로 110
검멀레해수욕장,"해수욕장,해변",13491583,https://m.place.naver.com/place/13491583?entry=ple,#,제주 제주시 우도면 연평리
전망좋은곳,전망대,17038935,https://m.place.naver.com/place/17038935?entry=ple,#,제주 제주시 한경면 고산리 3761-4
꽃귤농장,"관광농원,팜스테이",1018330425,https://m.place.naver.com/place/1018330425?entry=ple,0507-1410-1219,제주 서귀포시 대포로 116 윗쪽건물
낭만농장 귤밭76번지,"관람,체험",38752997,https://m.place.naver.com/place/38752997?entry=ple,010-3597-2901,제주 제주시 화북이동 5495-2
제주로운감귤밭,"관광농원,팜스테이",1169208822,https://m.place.naver.com/place/1169208822?entry=ple,0507-1334-3120,제주 제주시 삼양일동 498-1
쉬리의언덕,지역명소,19828261,https://m.place.naver.com/place/19828261?entry=ple,064-735-5114,제주 서귀포시 색달동 3039-41
관음사,"절,사찰",13337736,https://m.place.naver.com/place/13337736?entry=ple,064-724-6830,제주 제주시 산록북로 660
각시바위오름,오름,32489616,https://m.place.naver.com/place/32489616?entry=ple,064-710-6032,제주 서귀포시 호근동 2124
한담해변,"해수욕장,해변",914765966,https://m.place.naver.com/place/914765966?entry=ple,#,제주 제주시 애월읍 애월리
개똥이동물원,동물원,36016141,https://m.place.naver.com/place/36016141?entry=ple,064-759-0017,제주 제주시 조천읍 종인내길 133
황우지해안,"해수욕장,해변",38238625,https://m.place.naver.com/place/38238625?entry=ple,#,제주 서귀포시 서홍동  766-1
제주유채꽃축제,꽃축제,19867640,https://m.place.naver.com/place/19867640?entry=ple,#,제주 서귀포시 표선면 녹산로 381 가시리조랑말체험공원
이상한나라의 앨리스,지역명소,13163606,https://m.place.naver.com/place/13163606?entry=ple,064-794-4700,제주 서귀포시 안덕면 중산간서로 1881
이승악,오름,17075169,https://m.place.naver.com/place/17075169?entry=ple,#,제주 서귀포시 남원읍 신례리 산2-1
식산봉,"봉우리,고지",17076601,https://m.place.naver.com/place/17076601?entry=ple,#,제주 서귀포시 성산읍 오조리 318-4
새미동산,"식물원,수목원",1048518992,https://m.place.naver.com/place/1048518992?entry=ple,064-759-0017,제주 제주시 조천읍 종인내길 133
조천읍와흘메밀농촌체험휴양마을,체험마을,1672236049,https://m.place.naver.com/place/1672236049?entry=ple,064-783-1688,제주 제주시 조천읍 남조로 2455
왕복짚라인 제주,짚라인,1113305856,https://m.place.naver.com/place/1113305856?entry=ple,0507-1430-0702,제주 제주시 해안마을북길 14-5
예원이네 귤농장,"관광농원,팜스테이",36090620,https://m.place.naver.com/place/36090620?entry=ple,0507-1336-2379,제주 제주시 해안동 2159
하고수동해수욕장,"해수욕장,해변",13491867,https://m.place.naver.com/place/13491867?entry=ple,#,제주 제주시 우도면 연평리
큰녹고메,오름,17030080,https://m.place.naver.com/place/17030080?entry=ple,#,제주 제주시 애월읍 유수암리 산138
올레바당체험마을,체험마을,227943167,https://m.place.naver.com/place/227943167?entry=ple,0507-1437-7223,제주 제주시 한림읍 한림해안로 267-6
제주목 관아,문화재,13345161,https://m.place.naver.com/place/13345161?entry=ple,064-710-6717,제주 제주시 관덕로 25
관덕정,보물,19822704,https://m.place.naver.com/place/19822704?entry=ple,064-710-6718,제주 제주시 관덕로 19 관덕정
중문미로파크,테마파크,87507385,https://m.place.naver.com/place/87507385?entry=ple,064-738-0667,제주 서귀포시 상예동 3592-5
곱은달감귤체험농장,"관람,체험",1545445251,https://m.place.naver.com/place/1545445251?entry=ple,0507-1445-4151,제주 서귀포시 남원읍 태위로171번길 11 곱은달감귤체험농장
영주산,산,13491250,https://m.place.naver.com/place/13491250?entry=ple,064-760-4413,제주 서귀포시 표선면
제주올레길10코스,도보코스,19935963,https://m.place.naver.com/place/19935963?entry=ple,064-762-2190,제주 서귀포시 대정읍 상모리 1-7
정물오름,오름,1408145013,https://m.place.naver.com/place/1408145013?entry=ple,#,제주 제주시 한림읍 금악리 산52-1
말방목공원,자연공원,1738875652,https://m.place.naver.com/place/1738875652?entry=ple,#,제주 제주시 구좌읍 금백조로 865-1
천왕사,"절,사찰",12984983,https://m.place.naver.com/place/12984983?entry=ple,064-748-8811,제주 제주시 1100로 2528-111 천왕사
너븐숭이4.3기념관,"기념관,생가",17036331,https://m.place.naver.com/place/17036331?entry=ple,064-783-4303,제주 제주시 조천읍 북촌3길 3
김만덕기념관,"기념관,생가",1506089464,https://m.place.naver.com/place/1506089464?entry=ple,064-759-6090,제주 제주시 산지로 7 김만덕기념관
제라진 어드벤쳐,"레저,테마",1387673013,https://m.place.naver.com/place/1387673013?entry=ple,0507-1363-3900,제주 제주시 조천읍 선흘리 338-9
제주동백마을,"관람,체험",798110666,https://m.place.naver.com/place/798110666?entry=ple,010-7640-8756,제주 서귀포시 남원읍 한신로531번길 22-1 동백마을방문자센터
한화리조트 제주 스파 테라피센터,"온천,스파",520322049,https://m.place.naver.com/place/520322049?entry=ple,0507-1436-1301,제주 제주시 명림로 575-107 한화리조트
모슬봉,"봉우리,고지",17065061,https://m.place.naver.com/place/17065061?entry=ple,#,제주 서귀포시 대정읍 동일리 2081-3
제주올레길20코스,도보코스,30893055,https://m.place.naver.com/place/30893055?entry=ple,064-762-2190,제주 제주시 구좌읍 행원동길 22
제주귤팜,"관광농원,팜스테이",1250978237,https://m.place.naver.com/place/1250978237?entry=ple,010-8954-9899,제주 제주시 애월읍 상가로 71 귤체험은 마감되었습니다
감사공묘역,"릉,묘,총",17034551,https://m.place.naver.com/place/17034551?entry=ple,#,제주 제주시 조천읍 함대로 362
우도정원,"식물원,수목원",1336502230,https://m.place.naver.com/place/1336502230?entry=ple,#,제주 제주시 우도면 천진길 105
애월한담공원,"도시,테마공원",17027328,https://m.place.naver.com/place/17027328?entry=ple,#,제주 제주시 애월읍 애월로 11
서광리123정원,"관람,체험",1908111062,https://m.place.naver.com/place/1908111062?entry=ple,010-3691-9514,제주 서귀포시 안덕면 화순서동로358번길 38 서광리123 정원
국수문화거리,먹자거리,38628271,https://m.place.naver.com/place/38628271?entry=ple,#,제주 제주시 일도2동 1050-1
상추자도,섬,13542813,https://m.place.naver.com/place/13542813?entry=ple,064-728-4281,제주 제주시 추자면 영흥리
돈키쥬쥬,동물원,37895863,https://m.place.naver.com/place/37895863?entry=ple,0507-1370-5920,제주 제주시 은수길 65 수목원테마파크 단지 내 벧디 뒤쪽
천주교 용수성지,"기념관,생가",32520519,https://m.place.naver.com/place/32520519?entry=ple,064-772-1252,제주 제주시 한경면 용수1길 108
베릿네오름,오름,31298785,https://m.place.naver.com/place/31298785?entry=ple,064-760-4831,제주 서귀포시 중문동 2314-2
차귀도,섬,13491454,https://m.place.naver.com/place/13491454?entry=ple,064-772-3224,제주 제주시 한경면 고산리
금동이네 제주도 감귤체험,"관광농원,팜스테이",1998211047,https://m.place.naver.com/place/1998211047?entry=ple,0507-1395-1380,제주 서귀포시 염돈로28번길 15-7
김녕항,항구,1771580692,https://m.place.naver.com/place/1771580692?entry=ple,#,제주 제주시 구좌읍 김녕항1길 50-13
구들민박감귤체험농장,"관람,체험",1196842543,https://m.place.naver.com/place/1196842543?entry=ple,0507-1408-6528,제주 서귀포시 정방연로 34
거린사슴전망대,전망대,17059918,https://m.place.naver.com/place/17059918?entry=ple,#,제주 서귀포시 1100로 791
에코랜드,"도시,테마공원",166287949,https://m.place.naver.com/place/166287949?entry=ple,#,제주 제주시 조천읍 남조로 1982
제지기오름,오름,17056198,https://m.place.naver.com/place/17056198?entry=ple,#,제주 서귀포시 보목동 275-1
산천단,지역명소,12226330,https://m.place.naver.com/place/12226330?entry=ple,064-710-6652,제주 제주시 아라일동 375-4
새미오름,오름,17030558,https://m.place.naver.com/place/17030558?entry=ple,#,제주 제주시 구좌읍 송당리 산145
미령이네 감귤농장,"관광농원,팜스테이",1383225877,https://m.place.naver.com/place/1383225877?entry=ple,064-792-0300,제주 서귀포시 안덕면 덕수서로 123
월평포구,항구,1330492606,https://m.place.naver.com/place/1330492606?entry=ple,#,제주 서귀포시 월평동 665-9
제주올레길15코스,도보코스,19936056,https://m.place.naver.com/place/19936056?entry=ple,064-762-2190,제주 제주시 애월읍 납읍리 2695-5
제주왕벚꽃축제,꽃축제,19862480,https://m.place.naver.com/place/19862480?entry=ple,#,제주 제주시 서사로 90
토끼섬,섬,13491625,https://m.place.naver.com/place/13491625?entry=ple,064-783-3001,제주 제주시 구좌읍 하도리
용연계곡,계곡,13481072,https://m.place.naver.com/place/13481072?entry=ple,064-728-2755,제주 제주시 용담1동  2581-4
무병장수테마파크,테마파크,19643175,https://m.place.naver.com/place/19643175?entry=ple,064-799-7720,제주 제주시 애월읍 어음13길 196
퍼시픽 리솜 마린스테이지,"관람,체험",1226484255,https://m.place.naver.com/place/1226484255?entry=ple,1544-2988,제주 서귀포시 중문관광로 154-17
제주워터월드(휴업),워터파크,11784981,https://m.place.naver.com/place/11784981?entry=ple,064-739-1930,제주 서귀포시 월드컵로 33 제주월드컵경기장
쉼한모금,농업,13530712,https://m.place.naver.com/place/13530712?entry=ple,0507-1345-4405,제주 서귀포시 산록남로 1246 쉼한모금
대수산봉,"봉우리,고지",17078395,https://m.place.naver.com/place/17078395?entry=ple,#,제주 서귀포시 성산읍 고성리 2039-1
추자도,섬,11491941,https://m.place.naver.com/place/11491941?entry=ple,#,제주 제주시 추자면
쇠소깍 산물 관광농원,"관광농원,팜스테이",1477312816,https://m.place.naver.com/place/1477312816?entry=ple,064-767-9953,제주 서귀포시 남원읍 하례로 90
저지오름,오름,17040354,https://m.place.naver.com/place/17040354?entry=ple,#,제주 제주시 한경면 저지리 산51
금산공원,자연공원,438203434,https://m.place.naver.com/place/438203434?entry=ple,#,제주 제주시 애월읍 납읍리 1457-1
제주전시컨벤션센터,박물관,21690772,https://m.place.naver.com/place/21690772?entry=ple,064-784-8338,제주 서귀포시 성산읍 난산로 293
한라산국립공원,국립공원,16998220,https://m.place.naver.com/place/16998220?entry=ple,#,제주 제주시 오라이동 산107-20
창꼼바위,바위,1338358803,https://m.place.naver.com/place/1338358803?entry=ple,#,제주 제주시 조천읍 북촌리 403-9
동화속으로 미로공원,부속시설,12016125,https://m.place.naver.com/place/12016125?entry=ple,064-738-8256,제주 서귀포시 법환상로2번길 97-13
돈내코유원지,유원지,11491146,https://m.place.naver.com/place/11491146?entry=ple,064-733-1584,제주 서귀포시 상효동 1503
신양섭지해수욕장,"해수욕장,해변",11491743,https://m.place.naver.com/place/11491743?entry=ple,064-760-4282,제주 서귀포시 성산읍 섭지코지로 88
북촌환해장성,문화재,17036262,https://m.place.naver.com/place/17036262?entry=ple,#,제주 제주시 조천읍 북촌리
위미항,항구,1747595908,https://m.place.naver.com/place/1747595908?entry=ple,#,제주 서귀포시 남원읍 위미중앙로196번길 6-13
금능석물원,테마공원,11707670,https://m.place.naver.com/place/11707670?entry=ple,064-796-2174,제주 제주시 한림읍 한림로 176
제주세계성문화박물관,박물관,11682204,https://m.place.naver.com/place/11682204?entry=ple,064-739-0059,제주 서귀포시 월드컵로 33 제주월드컵경기장
북촌포구,항구,1213904047,https://m.place.naver.com/place/1213904047?entry=ple,#,제주 제주시 조천읍 북촌9길 26-1
종달리해변,"해수욕장,해변",1401327382,https://m.place.naver.com/place/1401327382?entry=ple,064-728-7711,제주 제주시 구좌읍 종달리 565-72
제주올레길2코스,도보코스,19932820,https://m.place.naver.com/place/19932820?entry=ple,064-762-2190,제주 서귀포시 성산읍 고성리 2520
바농오름,오름,17037218,https://m.place.naver.com/place/17037218?entry=ple,#,제주 제주시 조천읍 교래리 산108
화순금모래해수욕장 담수풀장,"해수욕장,해변",1081774025,https://m.place.naver.com/place/1081774025?entry=ple,064-760-4991,제주 서귀포시 안덕면 화순리 776-8
제주사랑 체험농장,체험여행,1887918630,https://m.place.naver.com/place/1887918630?entry=ple,010-2055-7888,제주 서귀포시 하예로19번길 104-31 제주사랑체험농장
금호제주리조트 아쿠아나,워터파크,1157565500,https://m.place.naver.com/place/1157565500?entry=ple,064-766-8021,제주 서귀포시 남원읍 태위로 522-12 금호제주리조트
오라동메밀밭,지역명소,1661243752,https://m.place.naver.com/place/1661243752?entry=ple,#,제주 제주시 오라이동 산76
낙천아홉굿마을,체험마을,12453098,https://m.place.naver.com/place/12453098?entry=ple,064-773-1946,제주 제주시 한경면 낙수로 97
숨골공원,근린공원,354424773,https://m.place.naver.com/place/354424773?entry=ple,#,제주 서귀포시 일주동로 9146
단산,산,13490992,https://m.place.naver.com/place/13490992?entry=ple,#,제주 서귀포시 대정읍 인성리
한림공원아열대식물원,"식물원,수목원",17022536,https://m.place.naver.com/place/17022536?entry=ple,#,제주 제주시 한림읍 협재리 2487-3
붉은오름,오름,17088692,https://m.place.naver.com/place/17088692?entry=ple,#,제주 서귀포시 표선면 남조로 1487-73
제주성서식물원 비블리아,"식물원,수목원",33346894,https://m.place.naver.com/place/33346894?entry=ple,064-796-1130,제주 제주시 한림읍 조성로 17
과수원피스 농원,"관광농원,팜스테이",1252731955,https://m.place.naver.com/place/1252731955?entry=ple,0507-1315-1596,제주 제주시 한림읍 한림로 176-2 WEST BLUE 오렌지 타운
질그랭이센터 카페477+ 워케이션센터 세계관광최우수마을,체험마을,1241932478,https://m.place.naver.com/place/1241932478?entry=ple,0507-1468-2027,제주 제주시 구좌읍 세평항로 46-9
제주올레길13코스,도보코스,19936003,https://m.place.naver.com/place/19936003?entry=ple,064-762-2190,제주 제주시 한경면 조수리 2137-2
제주올레길18코스,도보코스,19936066,https://m.place.naver.com/place/19936066?entry=ple,064-762-2190,제주 제주시 삼양이동
민오름,오름,16998275,https://m.place.naver.com/place/16998275?entry=ple,#,제주 제주시 오라2동 산12
소머리오름,오름,17041200,https://m.place.naver.com/place/17041200?entry=ple,#,제주 제주시 우도면 연평리 산18-2
제주올레길11코스,도보코스,19935967,https://m.place.naver.com/place/19935967?entry=ple,064-762-2190,제주 서귀포시 대정읍 동일리 43
개똥이네농장,"관광농원,팜스테이",1048773554,https://m.place.naver.com/place/1048773554?entry=ple,070-8666-0727,제주 제주시 조천읍 종인내길 133
고살리숲길,"숲,숲길",1999227432,https://m.place.naver.com/place/1999227432?entry=ple,#,제주 서귀포시 남원읍 하례리 산54-2
저지문화예술인마을,"관람,체험",17040509,https://m.place.naver.com/place/17040509?entry=ple,#,제주 제주시 한경면 저지리 2120-112
제주축산진흥원제주마방목지,"관람,체험",17009126,https://m.place.naver.com/place/17009126?entry=ple,#,제주 제주시 516로 2480
볼고롱 동백,"식물원,수목원",1815870363,https://m.place.naver.com/place/1815870363?entry=ple,#,제주 서귀포시 남원읍 위미리 894-4
한림항,항구,13538096,https://m.place.naver.com/place/13538096?entry=ple,#,제주 제주시 한림읍 한림해안로 93
제주항일기념관,"기념관,생가",13293501,https://m.place.naver.com/place/13293501?entry=ple,064-783-2008,제주 제주시 조천읍 신북로 303
최남단방어축제,"축제,행사",1181227063,https://m.place.naver.com/place/1181227063?entry=ple,#,제주 서귀포시 대정읍 하모리
하모돌고래투어,"관람,체험",36665687,https://m.place.naver.com/place/36665687?entry=ple,010-2980-5105,제주 서귀포시 대정읍 최남단해안로 120
고내봉,"봉우리,고지",17026814,https://m.place.naver.com/place/17026814?entry=ple,#,제주 제주시 애월읍 고내리 산3-1
종달고망난돌쉼터,근린공원,17032391,https://m.place.naver.com/place/17032391?entry=ple,#,제주 제주시 구좌읍 종달리 112-4
수목원테마파크수목원길,"도시,테마공원",736300907,https://m.place.naver.com/place/736300907?entry=ple,0507-1440-2103,제주 제주시 연동 1326
느지리오름,오름,17022096,https://m.place.naver.com/place/17022096?entry=ple,#,제주 제주시 한림읍 상명리 산5
엉알해안,"해수욕장,해변",13481088,https://m.place.naver.com/place/13481088?entry=ple,064-728-7973,제주 제주시 한경면 고산리
제주올레길1-1코스,도보코스,19932815,https://m.place.naver.com/place/19932815?entry=ple,064-762-2190,제주 제주시 우도면 연평리 2473-1
원당봉,"봉우리,고지",16992949,https://m.place.naver.com/place/16992949?entry=ple,#,제주 제주시 조천읍 신촌리 산1
하모체육공원,"도시,테마공원",17065669,https://m.place.naver.com/place/17065669?entry=ple,064-760-4016,제주 서귀포시 대정읍 하모리 2139-3
신화역사공원,자연공원,37207910,https://m.place.naver.com/place/37207910?entry=ple,#,제주 서귀포시 안덕면 서광리 산24-8
강정해오름노을길,"거리,골목",1682551425,https://m.place.naver.com/place/1682551425?entry=ple,#,제주 서귀포시 말질로 279
제주어린이교통공원,근린공원,16994594,https://m.place.naver.com/place/16994594?entry=ple,064-710-6281,제주 제주시 명림로 437
플레이박스 VR,"관람,체험",1158542754,https://m.place.naver.com/place/1158542754?entry=ple,064-742-3700,"제주 제주시 은수길 69 수목원테마파크 2,3층 위치"
동홍동솔오름전망대,전망대,17051555,https://m.place.naver.com/place/17051555?entry=ple,#,제주 서귀포시 동홍동 2150-1
화순곶자왈생태탐방숲길,산책로,19654321,https://m.place.naver.com/place/19654321?entry=ple,#,제주 서귀포시 안덕면 화순리 2045
삼매봉공원,근린공원,21251671,https://m.place.naver.com/place/21251671?entry=ple,#,제주 서귀포시 서홍동 820-2
카페미깡감귤밭,"관광농원,팜스테이",1171606323,https://m.place.naver.com/place/1171606323?entry=ple,0507-1400-3120,제주 서귀포시 남원읍 하례리 964-2
제주고산리유적안내센터,"관람,체험",1436592433,https://m.place.naver.com/place/1436592433?entry=ple,0507-1406-0061,제주 제주시 한경면 노을해안로 1100
삼무공원,근린공원,17011304,https://m.place.naver.com/place/17011304?entry=ple,064-728-3601,제주 제주시 신대로10길 48-9
제주올레여행자센터,관광안내소,680114244,https://m.place.naver.com/place/680114244?entry=ple,0507-1435-2179,제주 서귀포시 중정로 22
절부암,자연명소,12226211,https://m.place.naver.com/place/12226211?entry=ple,064-728-4235,제주 제주시 한경면 용수리 4241-5
마라도등대,등대,20054479,https://m.place.naver.com/place/20054479?entry=ple,064-792-8507,제주 서귀포시 대정읍 마라로 165
노루손이오름,오름,17016377,https://m.place.naver.com/place/17016377?entry=ple,#,제주 제주시 연동  산137
나무와열매 감귤체험,"관광농원,팜스테이",1355391835,https://m.place.naver.com/place/1355391835?entry=ple,064-792-2180,제주 서귀포시 안덕면 덕수동로25번길 42-8 나무와열매
금악오름,오름,1417948391,https://m.place.naver.com/place/1417948391?entry=ple,#,제주 제주시 한림읍 금악리 산1-1
김녕금속공예벽화마을,문화거리,38296631,https://m.place.naver.com/place/38296631?entry=ple,#,제주 제주시 구좌읍 김녕항3길 18-16
별도봉,"봉우리,고지",16991001,https://m.place.naver.com/place/16991001?entry=ple,#,제주 제주시 화북일동 4472
족은바리메,오름,17026549,https://m.place.naver.com/place/17026549?entry=ple,#,제주 제주시 애월읍 상가리 산124
제주돌문화공원제주돌박물관,부속시설,21824419,https://m.place.naver.com/place/21824419?entry=ple,#,제주 제주시 조천읍 남조로 2023
서건도,섬,17060461,https://m.place.naver.com/place/17060461?entry=ple,#,제주 서귀포시 강정동 산1
우진제비오름,오름,17037306,https://m.place.naver.com/place/17037306?entry=ple,#,제주 제주시 조천읍 선흘리
선인장자생지,문화재,13542700,https://m.place.naver.com/place/13542700?entry=ple,064-741-0228,제주 제주시 한림읍 월령리
정석비행장,지역명소,17088845,https://m.place.naver.com/place/17088845?entry=ple,#,제주 서귀포시 표선면 가시리 산87-18
신창항,항구,13538082,https://m.place.naver.com/place/13538082?entry=ple,#,제주 제주시 한경면 신창리 348-8
가파도 청보리축제,"축제,행사",37830100,https://m.place.naver.com/place/37830100?entry=ple,064-794-5490,제주 서귀포시 대정읍
한라봉체험농장 효성농원,"관광농원,팜스테이",34677963,https://m.place.naver.com/place/34677963?entry=ple,010-9458-5038,제주 서귀포시 일주동로 8987
중문관광단지,체험마을,13491584,https://m.place.naver.com/place/13491584?entry=ple,064-735-7200,제주 서귀포시 중문동
중문더드림감귤,"관람,체험",1288244599,https://m.place.naver.com/place/1288244599?entry=ple,0507-1448-7777,제주 서귀포시 색달로81번길 59 중문더드림감귤
해녀태왁,체험여행,1264956495,https://m.place.naver.com/place/1264956495?entry=ple,064-782-6347,제주 제주시 구좌읍 김송로 94
제주고산리유적,문화재,17038519,https://m.place.naver.com/place/17038519?entry=ple,#,제주 제주시 한경면 고산리
힐하우스 스파,"온천,스파",1232134014,https://m.place.naver.com/place/1232134014?entry=ple,0507-1322-2380,제주 제주시 한림읍 한창로 925-122 힐하우스 스파
대평포구,항구,34870279,https://m.place.naver.com/place/34870279?entry=ple,#,제주 서귀포시 안덕면 창천리 914-5
건축학개론 한가인 집,촬영장소,21598496,https://m.place.naver.com/place/21598496?entry=ple,#,제주 서귀포시 남원읍 위미해안로 86
연동근린공원,근린공원,17015170,https://m.place.naver.com/place/17015170?entry=ple,#,제주 제주시 신광로12길 17
더제주스토리,"관람,체험",1987327374,https://m.place.naver.com/place/1987327374?entry=ple,010-7266-6196,제주 제주시 애월읍 애상로 105-1
월대천,"강,하천",13481074,https://m.place.naver.com/place/13481074?entry=ple,064-728-4891,제주 제주시 내도동 898
소남머리,근린공원,19650938,https://m.place.naver.com/place/19650938?entry=ple,#,제주 서귀포시 서귀동 94-1
제주올레길10-1코스,도보코스,19935964,https://m.place.naver.com/place/19935964?entry=ple,064-762-2190,제주 서귀포시 대정읍 가파리 298
용담레포츠공원,"도시,테마공원",16988939,https://m.place.naver.com/place/16988939?entry=ple,064-728-3929,제주 제주시 서해안로 580
제주삼양동유적,"유적지,사적지",12440980,https://m.place.naver.com/place/12440980?entry=ple,064-710-6806,제주 제주시 선사로2길 13
신창 풍차해안,"해수욕장,해변",13481087,https://m.place.naver.com/place/13481087?entry=ple,064-728-7973,제주 제주시 한경면 신창리 1290-3
삼다마을목장,"관람,체험",1069391641,https://m.place.naver.com/place/1069391641?entry=ple,0507-1408-6004,제주 제주시 조천읍 비자림로 581
중앙로상점가,시장,32040048,https://m.place.naver.com/place/32040048?entry=ple,#,제주 제주시 이도1동
감귤체험농장 예래팜 감산점,"관람,체험",1970329093,https://m.place.naver.com/place/1970329093?entry=ple,0507-1342-9116,제주 서귀포시 안덕면 일주서로 1513
왕이메오름,오름,34581383,https://m.place.naver.com/place/34581383?entry=ple,#,제주 서귀포시 안덕면 광평리 산79
가시림,"식물원,수목원",1703162203,https://m.place.naver.com/place/1703162203?entry=ple,#,제주 서귀포시 표선면 녹산로5번길 171
제주올레길19코스,도보코스,20725401,https://m.place.naver.com/place/20725401?entry=ple,064-762-2190,제주 제주시 조천읍 북촌리 2688
은하감귤체험농장,"관광농원,팜스테이",13338117,https://m.place.naver.com/place/13338117?entry=ple,064-792-0008,제주 서귀포시 안덕면 덕수서로 250 은하감귤체험농장
사려니팜,체험여행,1145986591,https://m.place.naver.com/place/1145986591?entry=ple,0507-1357-6806,제주 제주시 조천읍 남조로 1785-12
시민복지타운광장,시민공원,31679233,https://m.place.naver.com/place/31679233?entry=ple,#,제주 제주시 도남동 582
해안누리길50코스,도보코스,37010694,https://m.place.naver.com/place/37010694?entry=ple,#,제주 제주시 조천읍 신촌리 2318-2
현애원,"식물원,수목원",1755962862,https://m.place.naver.com/place/1755962862?entry=ple,0507-1372-3240,제주 서귀포시 성산읍 산성효자로114번길 131-1 현애원
천주교황사평성지,문화재,16992303,https://m.place.naver.com/place/16992303?entry=ple,#,제주 제주시 화북이동
프리라이프,"레저,테마",1381473257,https://m.place.naver.com/place/1381473257?entry=ple,0507-1307-8673,제주 서귀포시 서호남로32번길 24 3층
흑돼지거리,먹자거리,21761823,https://m.place.naver.com/place/21761823?entry=ple,#,제주 제주시 건입동
애월항,항구,13542622,https://m.place.naver.com/place/13542622?entry=ple,#,제주 제주시 애월읍 애월리
남원큰엉해변,"해수욕장,해변",1236648631,https://m.place.naver.com/place/1236648631?entry=ple,#,제주 서귀포시 남원읍 태위로 522-17
드라마[맨도롱또똣]촬영지,촬영장소,36734018,https://m.place.naver.com/place/36734018?entry=ple,#,제주 제주시 애월읍 애월로1길 25
훈데르트바서파크,테마파크,1349894872,https://m.place.naver.com/place/1349894872?entry=ple,064-766-6077,제주 제주시 우도면 우도해안길 32-12
금오름 히피웅농장,"관광농원,팜스테이",1410866796,https://m.place.naver.com/place/1410866796?entry=ple,010-2629-9777,제주 제주시 한림읍 상명리 65-1
감귤박물관 체험장,"관람,체험",1905211239,https://m.place.naver.com/place/1905211239?entry=ple,010-7534-3112,제주 서귀포시 효돈순환로 441-2
월정리카페거리,"거리,골목",763488440,https://m.place.naver.com/place/763488440?entry=ple,#,제주 제주시 구좌읍 월정리
예래포구,항구,17064166,https://m.place.naver.com/place/17064166?entry=ple,#,제주 서귀포시 하예동
개오름,오름,17087735,https://m.place.naver.com/place/17087735?entry=ple,#,제주 서귀포시 표선면 성읍이리로57번길 162
용천동굴,동굴,13491301,https://m.place.naver.com/place/13491301?entry=ple,064-710-8981,제주 제주시 구좌읍 월정리 1837-2
제주올레길14코스,도보코스,19936017,https://m.place.naver.com/place/19936017?entry=ple,064-762-2190,제주 제주시 한림읍 월령리 산9-15
알밤오름,오름,17037532,https://m.place.naver.com/place/17037532?entry=ple,#,제주 제주시 조천읍 선흘리 산59-4
송당본향당,자연명소,13481081,https://m.place.naver.com/place/13481081?entry=ple,064-728-7712,제주 제주시 구좌읍 송당리 산199-1
엉불턱우도전망대,전망대,1111136799,https://m.place.naver.com/place/1111136799?entry=ple,#,제주 제주시 구좌읍 종달리 451-3
족은녹고메,오름,17030104,https://m.place.naver.com/place/17030104?entry=ple,#,제주 제주시 애월읍 유수암리 산138
별도봉산책로,산책로,13481065,https://m.place.naver.com/place/13481065?entry=ple,064-728-4683,제주 제주시 건입동
쌍용동굴,동굴,13491311,https://m.place.naver.com/place/13491311?entry=ple,064-796-0001,제주 제주시 한림읍 한림로 300
한라산둘레길 숲길센터,관광안내소,1692515094,https://m.place.naver.com/place/1692515094?entry=ple,#,제주 서귀포시 표선면 가시리 산158-4
가을동화감귤밭,"관람,체험",1405519217,https://m.place.naver.com/place/1405519217?entry=ple,0507-1394-3678,제주 서귀포시 분토왓로 120
해거름마을공원,근린공원,1004594797,https://m.place.naver.com/place/1004594797?entry=ple,#,제주 제주시 한경면 판포리 1605-1
카파이풋 도두점,"온천,스파",1237742216,https://m.place.naver.com/place/1237742216?entry=ple,064-745-0309,제주 제주시 백포북길 23 카파이풋 도두점
화북포구,항구,389107357,https://m.place.naver.com/place/389107357?entry=ple,#,제주 제주시 화북1동
제주이호랜드,"관람,체험",17005835,https://m.place.naver.com/place/17005835?entry=ple,#,제주 제주시 이호일동 374-1
헌마공신김만일기념관,"기념관,생가",1317124374,https://m.place.naver.com/place/1317124374?entry=ple,064-805-9801,제주 서귀포시 남원읍 서성로 919
애월근린공원,근린공원,19647641,https://m.place.naver.com/place/19647641?entry=ple,#,제주 제주시 애월읍 고내리 1338
민오름,오름,33861025,https://m.place.naver.com/place/33861025?entry=ple,#,제주 제주시 봉개동
탐라문화광장,광장,882929721,https://m.place.naver.com/place/882929721?entry=ple,#,제주 제주시 일도일동 1498
대정향교,"문화,유적",12226274,https://m.place.naver.com/place/12226274?entry=ple,064-794-7944,제주 서귀포시 안덕면 향교로 165-17
법환해녀체험센터,"관람,체험",17047242,https://m.place.naver.com/place/17047242?entry=ple,064-739-7508,제주 서귀포시 최영로 10
제주그린팜,"관광농원,팜스테이",19536022,https://m.place.naver.com/place/19536022?entry=ple,0507-1410-0705,제주 서귀포시 남원읍 중산간동로 6554 제주그린팜 감귤체험농장
위미동백나무군락,기념물,1024647594,https://m.place.naver.com/place/1024647594?entry=ple,#,제주 서귀포시 위미중앙로300번길 15
새별오름 나홀로나무,지역명소,38484323,https://m.place.naver.com/place/38484323?entry=ple,#,제주 제주시 한림읍 금악리 산30-8
한남시험림,"휴양림,산림욕장",1692765159,https://m.place.naver.com/place/1692765159?entry=ple,070-4253-1100,제주 서귀포시 남원읍 서성로651번길 235
미악산,오름,17049338,https://m.place.naver.com/place/17049338?entry=ple,064-760-4701,제주 서귀포시 인정오름로 387-63
별내린전망대,전망대,13542008,https://m.place.naver.com/place/13542008?entry=ple,064-739-1330,제주 서귀포시 색달동 2938-1
반딧불이마을 청수리,"관람,체험",724220777,https://m.place.naver.com/place/724220777?entry=ple,064-772-1303,제주 제주시 한경면 연명로 348
산방산유채꽃명소,자연명소,1843561149,https://m.place.naver.com/place/1843561149?entry=ple,#,제주 서귀포시 안덕면 사계리 461
제주커피식물원,"관광농원,팜스테이",69170672,https://m.place.naver.com/place/69170672?entry=ple,0507-1304-8501,제주 서귀포시 안덕면 향교로 151
오설록 티 뮤지엄스톤,부속시설,31927980,https://m.place.naver.com/place/31927980?entry=ple,#,제주 서귀포시 안덕면 신화역사로 15
안세미오름,오름,16994657,https://m.place.naver.com/place/16994657?entry=ple,#,제주 제주시 봉개동
베릿내오름,오름,36773744,https://m.place.naver.com/place/36773744?entry=ple,#,제주 서귀포시 중문동
성불오름,오름,17030815,https://m.place.naver.com/place/17030815?entry=ple,#,제주 제주시 구좌읍 중산간동로 2532
감귤체험농장 예래팜 창천점,"관람,체험",1424558662,https://m.place.naver.com/place/1424558662?entry=ple,010-7672-8472,제주 서귀포시 안덕면 일주서로 1359 제주237농업회사 예래팜
삼다체육공원,"도시,테마공원",1034667050,https://m.place.naver.com/place/1034667050?entry=ple,#,제주 서귀포시 서호남로 19-30
하효살롱협동조합,"관람,체험",1110968967,https://m.place.naver.com/place/1110968967?entry=ple,0507-1331-8181,제주 서귀포시 효돈순환로 217-8
세기알 해변,"해수욕장,해변",1901531110,https://m.place.naver.com/place/1901531110?entry=ple,#,제주 제주시 구좌읍 김녕리 1200-5
딸기나무,"관람,체험",1427620763,https://m.place.naver.com/place/1427620763?entry=ple,010-8438-6989,제주 제주시 구좌읍 덕행로 323
포즐파크,"관람,체험",1150832447,https://m.place.naver.com/place/1150832447?entry=ple,0507-1373-2839,제주 서귀포시 중문관광로 205 코시롱빌딩 B1층
새물깍,문화재,17035846,https://m.place.naver.com/place/17035846?entry=ple,#,제주 제주시 조천읍 신흥리
제주올레길16코스,도보코스,19936059,https://m.place.naver.com/place/19936059?entry=ple,064-762-2190,제주 제주시 애월읍 수산리 2271
소암기념관,"기념관,생가",13188948,https://m.place.naver.com/place/13188948?entry=ple,064-760-3511,제주 서귀포시 소암로 15
손지오름,오름,32731122,https://m.place.naver.com/place/32731122?entry=ple,#,제주 제주시 구좌읍 종달리 산52
파파빌레,테마공원,1436374298,https://m.place.naver.com/place/1436374298?entry=ple,0507-1425-0666,제주 제주시 조천읍 남조로 2185
큰지그리오름,오름,17036984,https://m.place.naver.com/place/17036984?entry=ple,#,제주 제주시 조천읍 교래리
돗오름,오름,17030714,https://m.place.naver.com/place/17030714?entry=ple,#,제주 제주시 구좌읍 송당리 산3
드라마[올인]촬영지,촬영장소,17064912,https://m.place.naver.com/place/17064912?entry=ple,#,제주 서귀포시 대정읍 상모리 산5
제주올레길14-1코스,도보코스,19936020,https://m.place.naver.com/place/19936020?entry=ple,064-762-2190,제주 제주시 한경면 저지리 산28-37
중엄리새물,"관람,체험",19645683,https://m.place.naver.com/place/19645683?entry=ple,#,제주 제주시 애월읍 신엄리
수산유원지,유원지,17025079,https://m.place.naver.com/place/17025079?entry=ple,#,제주 제주시 애월읍 수산리 738
성산포항,자연명소,1118239893,https://m.place.naver.com/place/1118239893?entry=ple,#,제주 서귀포시 성산읍 성산등용로 112-7
4.3유적지섯알오름학살터,"유적지,사적지",17064557,https://m.place.naver.com/place/17064557?entry=ple,#,제주 서귀포시 대정읍 상모리 1590-3
문석이오름,오름,17030752,https://m.place.naver.com/place/17030752?entry=ple,#,제주 제주시 구좌읍 송당리
서우봉둘레길,도보코스,1914429518,https://m.place.naver.com/place/1914429518?entry=ple,#,제주 제주시 조천읍 함덕리 260-8
디스커버제주,"관람,체험",38704294,https://m.place.naver.com/place/38704294?entry=ple,0507-1323-3394,제주 서귀포시 천제연로 337
천지연폭포,폭포,1355709958,https://m.place.naver.com/place/1355709958?entry=ple,#,제주 서귀포시 남성중로 2-15
달제주,"관광농원,팜스테이",1144454470,https://m.place.naver.com/place/1144454470?entry=ple,0507-1300-6921,제주 서귀포시 표선면 원님로652번길 86 달제주 세컨농장
섶섬,섬,13491230,https://m.place.naver.com/place/13491230?entry=ple,064-760-2650,제주 서귀포시 보목동
제주돌문화공원하늘연못,부속시설,20104180,https://m.place.naver.com/place/20104180?entry=ple,#,제주 제주시 조천읍 남조로 2023
제주치즈체험하우스,체험여행,1504234142,https://m.place.naver.com/place/1504234142?entry=ple,064-799-7326,제주 제주시 애월읍 녹근로 279-7
대록산,산,17088808,https://m.place.naver.com/place/17088808?entry=ple,#,제주 서귀포시 표선면 가시리 산68
도두항,항구,17006614,https://m.place.naver.com/place/17006614?entry=ple,#,제주 제주시 도공로 2
샤이니숲길,"숲,숲길",1690179903,https://m.place.naver.com/place/1690179903?entry=ple,#,제주 제주시 조천읍 교래리 719-10
엉또돌다카페농원,"관광농원,팜스테이",1655915379,https://m.place.naver.com/place/1655915379?entry=ple,010-8541-7852,제주 서귀포시 월산로 30 1층
세라믹팩토리아토(아토도예공방),"관람,체험",1323407807,https://m.place.naver.com/place/1323407807?entry=ple,064-732-9951,제주 서귀포시 남성로 134-1
제주체험마을,체험마을,966468458,https://m.place.naver.com/place/966468458?entry=ple,0507-1451-7535,제주 제주시 한림읍 한수리 914-14
샛도리물,"관람,체험",1356866225,https://m.place.naver.com/place/1356866225?entry=ple,#,제주 제주시 삼양일동 1938-3
아일랜드플라워,동물원,1585338511,https://m.place.naver.com/place/1585338511?entry=ple,064-782-0955,제주 서귀포시 성산읍 서성일로 602
비양도,섬,11491888,https://m.place.naver.com/place/11491888?entry=ple,064-796-7522,제주 제주시 한림읍 한림해안로 146
우보악,오름,17062604,https://m.place.naver.com/place/17062604?entry=ple,#,제주 서귀포시 색달동 912-1
명월대,문화재,13481084,https://m.place.naver.com/place/13481084?entry=ple,#,제주 제주시 한림읍 명월리
이호테우 빨강말등대,등대,1387008142,https://m.place.naver.com/place/1387008142?entry=ple,#,제주 제주시 이호일동 375-43
망장포구,항구,1047967002,https://m.place.naver.com/place/1047967002?entry=ple,#,제주 서귀포시 남원읍 하례망장포로 65-13
종달리전망대,전망대,1336126805,https://m.place.naver.com/place/1336126805?entry=ple,064-728-3394,제주 제주시 구좌읍 해맞이해안로 2196
낙천의자공원,근린공원,21758535,https://m.place.naver.com/place/21758535?entry=ple,#,제주 제주시 한경면 낙수로 97
매오름,오름,17089529,https://m.place.naver.com/place/17089529?entry=ple,#,제주 서귀포시 표선면 세화리 산7
신흥2리동백마을,체험여행,442102892,https://m.place.naver.com/place/442102892?entry=ple,#,제주 서귀포시 남원읍 중산간동로 5830
제주올레길9코스,도보코스,19932904,https://m.place.naver.com/place/19932904?entry=ple,064-762-2190,제주 서귀포시 안덕면 창천리 1439
애월돌고래전망대,전망대,34923545,https://m.place.naver.com/place/34923545?entry=ple,#,제주 제주시 애월읍 신엄리
명월성,성곽명,13481085,https://m.place.naver.com/place/13481085?entry=ple,#,제주 제주시 한림읍 동명리 2256
사수항,항구,146614381,https://m.place.naver.com/place/146614381?entry=ple,#,제주 제주시 서해안로 319
제주올레길12코스,도보코스,19935986,https://m.place.naver.com/place/19935986?entry=ple,064-762-2190,제주 서귀포시 대정읍 신도리 3138
갯깍주상절리(폐쇄),자연명소,1328561171,https://m.place.naver.com/place/1328561171?entry=ple,#,제주 서귀포시 예래해안로 357
보메와산감귤체험농장,"관광농원,팜스테이",1259575914,https://m.place.naver.com/place/1259575914?entry=ple,0507-1336-4744,제주 제주시 조천읍 미래로 53 보메와산
산굼부리분화구,"관람,체험",21017260,https://m.place.naver.com/place/21017260?entry=ple,#,제주 제주시 조천읍 비자림로 768
졸띠 유채밭,"관람,체험",1994960354,https://m.place.naver.com/place/1994960354?entry=ple,064-757-2076,제주 서귀포시 성산읍 고성리 296-8
범섬,섬,12226234,https://m.place.naver.com/place/12226234?entry=ple,064-760-2651,제주 서귀포시 법환동
대왕수천예래생태공원,"자연,생태공원",1053164031,https://m.place.naver.com/place/1053164031?entry=ple,#,제주 서귀포시 상예동 5002-26
수목원테마파크아이스뮤지엄,부속건물,1237596331,https://m.place.naver.com/place/1237596331?entry=ple,#,제주 제주시 은수길 69
망오름,오름,17089759,https://m.place.naver.com/place/17089759?entry=ple,#,제주 서귀포시 표선면 토산리 산13
제주해양사업단,"관람,체험",87085257,https://m.place.naver.com/place/87085257?entry=ple,010-2980-5105,제주 서귀포시 대정읍 최남단해안로 130
시인이생진시비거리,"거리,골목",1193601365,https://m.place.naver.com/place/1193601365?entry=ple,#,제주 서귀포시 성산읍 성산리 305-1
세미양오름,오름,36773715,https://m.place.naver.com/place/36773715?entry=ple,#,제주 제주시 아라일동 산24-2
제주향교,문화재,13481276,https://m.place.naver.com/place/13481276?entry=ple,064-757-0976,제주 제주시 서문로 43
황우치해안,"해수욕장,해변",34301947,https://m.place.naver.com/place/34301947?entry=ple,#,제주 서귀포시 안덕면 사계리
붉은오름,오름,17024022,https://m.place.naver.com/place/17024022?entry=ple,#,제주 제주시 애월읍 광령리 산18-1
알레스아트,"관람,체험",1032729296,https://m.place.naver.com/place/1032729296?entry=ple,0507-1391-6055,제주 제주시 애월읍 중산간서로 5397
방두포등대,등대,30820716,https://m.place.naver.com/place/30820716?entry=ple,#,제주 서귀포시 성산읍 고성리
제주밭담테마공원,테마공원,38590206,https://m.place.naver.com/place/38590206?entry=ple,#,제주 제주시 구좌읍 월정리 1400-14
제주올레길3코스,도보코스,19932834,https://m.place.naver.com/place/19932834?entry=ple,064-762-2190,제주 서귀포시 성산읍 신풍리 17-1
문섬,섬,12226229,https://m.place.naver.com/place/12226229?entry=ple,#,제주 서귀포시 서귀동
용두암해변도로카페촌,"거리,골목",16989135,https://m.place.naver.com/place/16989135?entry=ple,#,제주 제주시 용담3동
고망난돌,바위,13481078,https://m.place.naver.com/place/13481078?entry=ple,064-728-7792,제주 제주시 구좌읍 종달리 112-4
펀테마파크,테마공원,31269098,https://m.place.naver.com/place/31269098?entry=ple,#,제주 제주시 조천읍 선교로 266-4
1100도로드라이브,"거리,골목",17059954,https://m.place.naver.com/place/17059954?entry=ple,#,제주 서귀포시 대포동 산6-2
정화네농원,"관광농원,팜스테이",1679602793,https://m.place.naver.com/place/1679602793?entry=ple,0507-1321-3826,제주 서귀포시 칠십리로 598-7
가마오름,오름,17038063,https://m.place.naver.com/place/17038063?entry=ple,#,제주 제주시 한경면 청수리 1205
호떡골목,"거리,골목",231553971,https://m.place.naver.com/place/231553971?entry=ple,#,제주 제주시 동문로 16
성클라라수도원 금악성당,자연명소,1050119579,https://m.place.naver.com/place/1050119579?entry=ple,#,제주 제주시 금악북로 320
도두추억애거리,"거리,골목",19656223,https://m.place.naver.com/place/19656223?entry=ple,#,제주 제주시 도두1동
제주신흥해수욕장,"해수욕장,해변",1310891704,https://m.place.naver.com/place/1310891704?entry=ple,#,제주 제주시 조천읍 조함해안로 273-35
무릉곶자왈,"숲,숲길",1385305363,https://m.place.naver.com/place/1385305363?entry=ple,#,제주 서귀포시 대정읍 무릉리 산1
둔지오름,오름,17031889,https://m.place.naver.com/place/17031889?entry=ple,#,제주 제주시 구좌읍 한동리 산40
약천사 템플스테이,템플스테이,862355107,https://m.place.naver.com/place/862355107?entry=ple,064-738-5079,제주 서귀포시 대포동 1167
제주 도구리알,지역명소,1066395909,https://m.place.naver.com/place/1066395909?entry=ple,#,제주 서귀포시 대정읍 신도리 3135-1
스마일러펫,동물원,1881771591,https://m.place.naver.com/place/1881771591?entry=ple,010-3379-3848,제주 제주시 애월읍 상고길 47
사라봉공원,"도시,테마공원",13451641,https://m.place.naver.com/place/13451641?entry=ple,064-728-4643,제주 제주시 사라봉길 75
두멩이 골목,자연명소,13481045,https://m.place.naver.com/place/13481045?entry=ple,064-728-4442,제주 제주시 일도이동 1006-11
소산오름,오름,16996150,https://m.place.naver.com/place/16996150?entry=ple,#,제주 제주시 아라1동 산31
도순다원,지역명소,13544239,https://m.place.naver.com/place/13544239?entry=ple,064-739-0419,제주 서귀포시 중산간서로356번길 152-41
용머리해안,"관람,체험",1395039246,https://m.place.naver.com/place/1395039246?entry=ple,064-794-2940,제주 서귀포시 안덕면 산방로 218-10
남도리쉼터,근린공원,17025445,https://m.place.naver.com/place/17025445?entry=ple,#,제주 제주시 애월읍 신엄리 2806-7
천제연농원,"관광농원,팜스테이",16926402,https://m.place.naver.com/place/16926402?entry=ple,064-738-3203,제주 서귀포시 중문동 2236
삼다초콜릿체험장,"관람,체험",529034000,https://m.place.naver.com/place/529034000?entry=ple,0507-1425-6676,제주 서귀포시 표선면 표선동서로 31
성산 파라다이스힐 감귤체험,"관람,체험",1288303901,https://m.place.naver.com/place/1288303901?entry=ple,#,제주 서귀포시 성산읍 일주동로4120번길 113
토마스마켓,시장,1628805195,https://m.place.naver.com/place/1628805195?entry=ple,0507-1343-7976,제주 서귀포시 안덕면 평화로 654
표선 당케포구,자연명소,1236598119,https://m.place.naver.com/place/1236598119?entry=ple,#,제주 서귀포시 표선면 표선리 1-2
걸서악,오름,19646343,https://m.place.naver.com/place/19646343?entry=ple,#,제주 서귀포시 남원읍 하례리 산127-2
칠성로쇼핑타운,"거리,골목",1493462450,https://m.place.naver.com/place/1493462450?entry=ple,#,제주 제주시 일도일동 1492-1
김정문알로에 알로에숲,"식물원,수목원",36792776,https://m.place.naver.com/place/36792776?entry=ple,0507-1364-3593,제주 서귀포시 성산읍 성읍정의현로32번길 43
열안지오름,오름,16998268,https://m.place.naver.com/place/16998268?entry=ple,#,제주 제주시 오라2동  산92
방선문계곡,계곡,13481272,https://m.place.naver.com/place/13481272?entry=ple,#,제주 제주시 오등동 1907
광이오름,오름,17014213,https://m.place.naver.com/place/17014213?entry=ple,#,제주 제주시 연동 산62
아일랜드라운지,"관람,체험",1308653221,https://m.place.naver.com/place/1308653221?entry=ple,0507-1396-3216,제주 제주시 구좌읍 해맞이해안로 1032
협재해녀다방&해녀체험,체험여행,1361108184,https://m.place.naver.com/place/1361108184?entry=ple,0507-1488-1213,제주 제주시 한림읍 협재1길 42 협재해녀다방 (협재해녀의집맞은편)
관음사 제주 템플스테이,템플스테이,174369340,https://m.place.naver.com/place/174369340?entry=ple,064-724-6833,제주 제주시 아라일동 산록북로 660
영희네농장,체험여행,38526689,https://m.place.naver.com/place/38526689?entry=ple,0507-1418-1014,제주 서귀포시 성산읍 고성리 2559-1
산방굴사,"절,사찰",11491426,https://m.place.naver.com/place/11491426?entry=ple,064-794-2940,제주 서귀포시 산방로 218-12
제주올레길4코스,도보코스,19932841,https://m.place.naver.com/place/19932841?entry=ple,064-762-2190,제주 서귀포시 표선면 토산중앙로49번길 24-117
오현단,문화재,20103065,https://m.place.naver.com/place/20103065?entry=ple,#,제주 제주시 이도일동
신촌4.3성터,"유적지,사적지",1327621609,https://m.place.naver.com/place/1327621609?entry=ple,#,제주 제주시 조천읍 신촌리 3403
서귀포항,항구,13537960,https://m.place.naver.com/place/13537960?entry=ple,#,제주 서귀포시 칠십리로72번길 14
성산포JC공원,근린공원,17077474,https://m.place.naver.com/place/17077474?entry=ple,#,제주 서귀포시 성산읍 고성리
동안경굴,체험여행,17041295,https://m.place.naver.com/place/17041295?entry=ple,#,제주 제주시 우도면 연평리
남송이오름,오름,17084173,https://m.place.naver.com/place/17084173?entry=ple,#,제주 서귀포시 안덕면 서광리 산31
어승생제2저수지,"호수,연못,저수지",1711430442,https://m.place.naver.com/place/1711430442?entry=ple,#,제주 제주시 해안동 2821-1
제주돌고래힐링투어,"관람,체험",1125306568,https://m.place.naver.com/place/1125306568?entry=ple,0507-1406-6560,제주 서귀포시 대정읍 동일하모로98번길 14-32 동일리포구
원물오름,오름,34581384,https://m.place.naver.com/place/34581384?entry=ple,#,제주 서귀포시 안덕면 동광리
윈드1947 감귤체험,"관람,체험",1544141511,https://m.place.naver.com/place/1544141511?entry=ple,064-733-3500,제주 서귀포시 토평공단로 78-27
노형근린공원,근린공원,16999887,https://m.place.naver.com/place/16999887?entry=ple,#,제주 제주시 과원북4길 12
드라마[봄날]촬영지,촬영장소,17022394,https://m.place.naver.com/place/17022394?entry=ple,#,제주 제주시 한림읍 협재리 2967
누운오름,오름,17020893,https://m.place.naver.com/place/17020893?entry=ple,#,제주 제주시 한림읍 금악리 188-2
절물오름,오름,16994357,https://m.place.naver.com/place/16994357?entry=ple,#,제주 제주시 봉개동
연북정,문화재,20104069,https://m.place.naver.com/place/20104069?entry=ple,#,제주 제주시 조천읍 조천리
한울랜드,박물관,36113765,https://m.place.naver.com/place/36113765?entry=ple,064-783-5788,제주 제주시 구좌읍 동백로 458
관곶,지역명소,1289816023,https://m.place.naver.com/place/1289816023?entry=ple,#,제주 제주시 조천읍 조함해안로 217-1
칠성로,"거리,골목",589202593,https://m.place.naver.com/place/589202593?entry=ple,#,제주 제주시 일도1동
서귀포 가시리마을,체험마을,343114228,https://m.place.naver.com/place/343114228?entry=ple,064-787-1305,제주 서귀포시 가시로613번길 54-14
휴애리동백축제,꽃축제,1947783186,https://m.place.naver.com/place/1947783186?entry=ple,064-732-2114,제주 서귀포시 남원읍 신례리 2070-5
검은오름,오름,17015453,https://m.place.naver.com/place/17015453?entry=ple,#,제주 제주시 연동
선임교,"문화,유적",13542319,https://m.place.naver.com/place/13542319?entry=ple,064-738-1529,제주 서귀포시 색달로189번길 27
조천만세동산,"도시,테마공원",17034205,https://m.place.naver.com/place/17034205?entry=ple,064-783-2008,제주 제주시 조천읍 조천리 1142-1
윗세족은오름,오름,31833845,https://m.place.naver.com/place/31833845?entry=ple,#,제주 제주시 애월읍 광령리
동거문오름,오름,17032520,https://m.place.naver.com/place/17032520?entry=ple,#,제주 제주시 구좌읍 종달리 산70
노로오름,오름,17030171,https://m.place.naver.com/place/17030171?entry=ple,#,제주 제주시 애월읍 유수암리 산139
제주어음리빌레못동굴,동굴,13542768,https://m.place.naver.com/place/13542768?entry=ple,#,제주 제주시 애월읍 어음리 1391
포레스트미디어아트,"관람,체험",1782292968,https://m.place.naver.com/place/1782292968?entry=ple,010-5699-3056,제주 제주시 관덕로 26 로베로호텔 2층
수망리 마흐니숲길,"숲,숲길",1720957421,https://m.place.naver.com/place/1720957421?entry=ple,#,제주 서귀포시 남원읍 수망리 산203
정모시쉼터,"관람,체험",17044304,https://m.place.naver.com/place/17044304?entry=ple,#,제주 서귀포시 칠십리로 156-8
한국천문연구원KVN탐라전파천문대,천문대,17062124,https://m.place.naver.com/place/17062124?entry=ple,#,제주 서귀포시 1100로 508
하율이네감귤체험농장,"관광농원,팜스테이",1563758801,https://m.place.naver.com/place/1563758801?entry=ple,0507-1336-4320,제주 서귀포시 표선면 하천리 1485-2
체오름,오름,17030802,https://m.place.naver.com/place/17030802?entry=ple,#,제주 제주시 구좌읍 덕천리 산2
드라마[우리들의블루스]촬영지,촬영장소,1786695957,https://m.place.naver.com/place/1786695957?entry=ple,#,제주 서귀포시 고성오조로 93 고성오일시장
덕천곤충 영농조합,"관람,체험",1589614447,https://m.place.naver.com/place/1589614447?entry=ple,0507-1310-6298,제주 제주시 구좌읍 중산간동로 1875 덕천곤충영농조합법인
한라산국립공원 관리사무소,부속시설,17017899,https://m.place.naver.com/place/17017899?entry=ple,#,제주 제주시 1100로 2070-61
아연네감귤체험농장,"관람,체험",1758498585,https://m.place.naver.com/place/1758498585?entry=ple,010-7722-2876,제주 서귀포시 남원읍 서의로154번길 108
산지천,"강,하천",13481068,https://m.place.naver.com/place/13481068?entry=ple,#,제주 제주시 이도1동
방일리공원,근린공원,1072184853,https://m.place.naver.com/place/1072184853?entry=ple,#,제주 제주시 노형동 3812-2
사계리해안체육공원,"도시,테마공원",17083564,https://m.place.naver.com/place/17083564?entry=ple,#,제주 서귀포시 안덕면 사계리 3530-7
영천악,오름,17054445,https://m.place.naver.com/place/17054445?entry=ple,#,제주 서귀포시 상효동 산122-1
새섬,섬,13542854,https://m.place.naver.com/place/13542854?entry=ple,064-760-3192,제주 서귀포시 서귀동 산1
바굼지오름,오름,17067067,https://m.place.naver.com/place/17067067?entry=ple,#,제주 서귀포시 안덕면 사계리
두머니물공원,자연공원,1827114309,https://m.place.naver.com/place/1827114309?entry=ple,#,제주 서귀포시 법환동 1534
해담은감귤체험농원,"관람,체험",1039776662,https://m.place.naver.com/place/1039776662?entry=ple,010-7739-2352,제주 서귀포시 하논로67번길 38 해담은감귤농원
금빛감귤체험농원,"관광농원,팜스테이",21761581,https://m.place.naver.com/place/21761581?entry=ple,064-782-0397,제주 서귀포시 성산읍 서성일로 954
서귀포 용왕난드르마을,체험마을,20283740,https://m.place.naver.com/place/20283740?entry=ple,064-738-0915,제주 서귀포시 대평감산로 8 용왕난드르 향토음식 체험장
세월호 제주기억관,"기념관,생가",1149166879,https://m.place.naver.com/place/1149166879?entry=ple,#,제주 제주시 명림로 300
찬스귤체험농장,"관람,체험",37421234,https://m.place.naver.com/place/37421234?entry=ple,0507-1440-0012,제주 서귀포시 남원읍 남위남성로93번길 74
사려니남서쪽,오름,17071273,https://m.place.naver.com/place/17071273?entry=ple,#,제주 서귀포시 남원읍 516로 1662-300
이기풍선교기념관,"기념관,생가",20363278,https://m.place.naver.com/place/20363278?entry=ple,064-782-6969,제주 제주시 조천읍 남조로 2125
거친오름,오름,16994306,https://m.place.naver.com/place/16994306?entry=ple,#,제주 제주시 명림로 520
과오름,오름,17028232,https://m.place.naver.com/place/17028232?entry=ple,#,제주 제주시 애월읍 곽지리 산1
황경한의묘,"릉,묘,총",19653129,https://m.place.naver.com/place/19653129?entry=ple,#,제주 제주시 추자면 신양리 산20-1
김녕사굴,동굴,13491403,https://m.place.naver.com/place/13491403?entry=ple,064-783-5412,제주 제주시 구좌읍 김녕리
명월성지,문화재,1071488603,https://m.place.naver.com/place/1071488603?entry=ple,#,제주 제주시 한림읍 명월리
최영장군사당,문화재,17040891,https://m.place.naver.com/place/17040891?entry=ple,#,제주 제주시 추자면 대서리
대한민국최남단비,기념물,17067538,https://m.place.naver.com/place/17067538?entry=ple,#,제주 서귀포시 대정읍 가파리
함덕서우봉해수욕장잔디공원,근린공원,341498396,https://m.place.naver.com/place/341498396?entry=ple,#,제주 제주시 조천읍 조함해안로 525
재밋섬,"키즈카페,실내놀이터",31409132,https://m.place.naver.com/place/31409132?entry=ple,064-757-0500,제주 제주시 중앙로14길 18 아카데미극장
우도등대공원,테마공원,17041410,https://m.place.naver.com/place/17041410?entry=ple,064-783-0180,제주 제주시 우도면 우도봉길 105
표선소금막해변,"해수욕장,해변",1475520795,https://m.place.naver.com/place/1475520795?entry=ple,#,제주 서귀포시
휴애리수국축제,"축제,행사",1780901248,https://m.place.naver.com/place/1780901248?entry=ple,#,제주 서귀포시 남원읍 신례리 2070-5
제주감귤소녀,"관광농원,팜스테이",1562841724,https://m.place.naver.com/place/1562841724?entry=ple,0507-1397-1178,제주 서귀포시 안덕면 서광리 1790-1
탐나라공화국,"관람,체험",35732490,https://m.place.naver.com/place/35732490?entry=ple,064-772-2878,제주 제주시 한림읍 한창로 897 탐나라공화국
제주한림용암동굴지대(소천굴.황금굴.협재굴),기념물,17022566,https://m.place.naver.com/place/17022566?entry=ple,#,제주 제주시 한림읍 협재리 617
아랑조을거리,먹자거리,17042904,https://m.place.naver.com/place/17042904?entry=ple,#,제주 서귀포시 천지로 2 평화떡방아
산방연대,문화재,36230155,https://m.place.naver.com/place/36230155?entry=ple,064-710-3423,제주 서귀포시 안덕면 사계리
돔베낭골,자연명소,17048958,https://m.place.naver.com/place/17048958?entry=ple,#,제주 서귀포시 호근동
엉알해안산책로,도보코스,17038638,https://m.place.naver.com/place/17038638?entry=ple,#,제주 제주시 한경면 고산리 3653-2
대관탈도,섬,31462802,https://m.place.naver.com/place/31462802?entry=ple,#,제주 제주시 추자면 묵리 산144
예래생태체험관,"관람,체험",17064210,https://m.place.naver.com/place/17064210?entry=ple,064-738-6613,제주 서귀포시 예래로 213 예래생태체험관
로프아일랜드,체험여행,1142005579,https://m.place.naver.com/place/1142005579?entry=ple,010-9732-5074,제주 제주시 노형동 284-3
귤쁘네 감귤체험농장,"관광농원,팜스테이",1244796405,https://m.place.naver.com/place/1244796405?entry=ple,0507-1370-0756,제주 서귀포시 남원읍 중산간동로 6596-27
새콤돌코롬 감귤농장,"관광농원,팜스테이",1054421831,https://m.place.naver.com/place/1054421831?entry=ple,0507-1360-8240,제주 서귀포시 남원읍 태수로143번길 74
황토어싱광장,광장,1515357300,https://m.place.naver.com/place/1515357300?entry=ple,#,제주 서귀포시 일주동로 9146
좌보미,오름,17088119,https://m.place.naver.com/place/17088119?entry=ple,064-710-6072,제주 서귀포시 표선면 성읍리 산6
이승이오름,오름,17075231,https://m.place.naver.com/place/17075231?entry=ple,#,제주 서귀포시 남원읍 신례리
어도오름,오름,17028810,https://m.place.naver.com/place/17028810?entry=ple,#,제주 제주시 애월읍 봉성리 3915
썩은다리,오름,1582799714,https://m.place.naver.com/place/1582799714?entry=ple,#,제주 서귀포시 안덕면 화순리
선경감귤체험농장,"관광농원,팜스테이",37818306,https://m.place.naver.com/place/37818306?entry=ple,064-787-3010,제주 서귀포시 표선면 일주동로 6214
대왕산,오름,17079116,https://m.place.naver.com/place/17079116?entry=ple,#,제주 서귀포시 성산읍 수산리 1429
고래관람지역,전망대,19657386,https://m.place.naver.com/place/19657386?entry=ple,#,제주 제주시 애월읍 신엄리 2802-1
소인국 테마파크공룡,부속건물,36961104,https://m.place.naver.com/place/36961104?entry=ple,#,제주 서귀포시 안덕면 중산간서로 1878
종달리해안도로,"거리,골목",17076969,https://m.place.naver.com/place/17076969?entry=ple,#,제주 제주시 구좌읍 종달리 630-1
족은오름,오름,17082552,https://m.place.naver.com/place/17082552?entry=ple,#,제주 서귀포시 안덕면 상창리 산2-1
이어도,섬,1639265448,https://m.place.naver.com/place/1639265448?entry=ple,#,제주 서귀포시 대정읍 가파리
비양봉,"봉우리,고지",17022381,https://m.place.naver.com/place/17022381?entry=ple,#,제주 제주시 한림읍 협재리 산100-1
송당리,자연명소,1627506061,https://m.place.naver.com/place/1627506061?entry=ple,064-782-7489,제주 제주시 구좌읍 중산간동로 2218-3
루나피크닉,테마파크,1103995246,https://m.place.naver.com/place/1103995246?entry=ple,064-794-9681,제주 서귀포시 안덕면 일주서로 1836 루나피크닉
무오법정사항일운동발상지,문화재,17062397,https://m.place.naver.com/place/17062397?entry=ple,#,제주 서귀포시 하원동
모슬포항,자연명소,1993845938,https://m.place.naver.com/place/1993845938?entry=ple,#,제주 서귀포시 대정읍 신영로36번길 48
유어제주,"관광농원,팜스테이",36028475,https://m.place.naver.com/place/36028475?entry=ple,0507-1403-0114,제주 서귀포시 남원읍 태신삼석로91번길 6
제주올리브스탠다드,"관광농원,팜스테이",1498649018,https://m.place.naver.com/place/1498649018?entry=ple,010-6392-5640,제주 서귀포시 대정읍 평화로89번길 99
칡오름,오름,17054592,https://m.place.naver.com/place/17054592?entry=ple,#,제주 서귀포시 상효동 2306-2
족은대비악,오름,17084984,https://m.place.naver.com/place/17084984?entry=ple,#,제주 서귀포시 안덕면 광평리 산59
비치미오름,오름,17030792,https://m.place.naver.com/place/17030792?entry=ple,#,제주 제주시 구좌읍 송당리 산255-1
자구리공원담수욕장,"해수욕장,해변",1196341713,https://m.place.naver.com/place/1196341713?entry=ple,#,제주 서귀포시 서귀동 70-1
제주서귀포층패류화석산지,기념물,13526015,https://m.place.naver.com/place/13526015?entry=ple,#,"제주 서귀포시 남성중로 43 영신토산품,관광낚시선"
미깡나무숲길 귤체험농장,"관광농원,팜스테이",1570438147,https://m.place.naver.com/place/1570438147?entry=ple,0507-1491-2118,제주 제주시 영평동 217
용두암먹거리장터,먹자거리,16989030,https://m.place.naver.com/place/16989030?entry=ple,#,제주 제주시 용담3동
한대오름,오름,17028876,https://m.place.naver.com/place/17028876?entry=ple,#,제주 제주시 애월읍 봉성리
평화통일불사리탑,기념물,32164601,https://m.place.naver.com/place/32164601?entry=ple,064-783-8801,제주 제주시 조천읍 일주동로 884
금성포구,항구,1592647608,https://m.place.naver.com/place/1592647608?entry=ple,#,제주 제주시 애월읍 금성리 573-1
제주성읍마을구경하는집,"관람,체험",20561776,https://m.place.naver.com/place/20561776?entry=ple,#,제주 서귀포시 표선면 번영로 2528
방어축제의거리,먹자거리,19650028,https://m.place.naver.com/place/19650028?entry=ple,#,제주 서귀포시 신영로72번길 14 파랑도다방
우도등대,등대,19828026,https://m.place.naver.com/place/19828026?entry=ple,064-783-0180,제주 제주시 우도면 우도봉길 105
곤을동4.3유적지,"유적지,사적지",1596866841,https://m.place.naver.com/place/1596866841?entry=ple,#,제주 제주시 화북일동 4429
추포도,섬,36072780,https://m.place.naver.com/place/36072780?entry=ple,064-728-2114,제주 제주시 추자면 예초리
모충사,"문화,유적",12226277,https://m.place.naver.com/place/12226277?entry=ple,064-722-0614,제주 제주시 건입동 1427-13
성산·오조 지질트레일,도보여행,1147316269,https://m.place.naver.com/place/1147316269?entry=ple,064-740-6074,제주 서귀포시 성산읍 오조로 30
담소요,"관람,체험",1703121827,https://m.place.naver.com/place/1703121827?entry=ple,0507-1350-7265,제주 서귀포시 남원읍 신례천로 195
하효쇠소깍해수욕장,"해수욕장,해변",36072556,https://m.place.naver.com/place/36072556?entry=ple,064-760-2771,제주 서귀포시 하효동
낭끼오름,오름,17079195,https://m.place.naver.com/place/17079195?entry=ple,#,제주 서귀포시 성산읍 수산리 3954
당오름,오름,17030680,https://m.place.naver.com/place/17030680?entry=ple,#,제주 제주시 구좌읍 송당리 산199-1
용담공원,근린공원,17098778,https://m.place.naver.com/place/17098778?entry=ple,#,제주 제주시 용담일동 373-5
더마파크카트레이싱,부속시설,20557917,https://m.place.naver.com/place/20557917?entry=ple,#,제주 제주시 한림읍 월림리 2365
하도어촌체험마을,체험마을,1305961045,https://m.place.naver.com/place/1305961045?entry=ple,#,제주 제주시 해맞이해안로 1897-27
남원포구,항구,17070530,https://m.place.naver.com/place/17070530?entry=ple,#,제주 서귀포시 남원읍 남태해안로 140
코지하우스,촬영장소,11678179,https://m.place.naver.com/place/11678179?entry=ple,064-782-7800,제주 서귀포시 성산읍 섭지코지로 261
한마음근린공원,근린공원,34333387,https://m.place.naver.com/place/34333387?entry=ple,#,제주 제주시 이도이동 1942-1
아빠가딴귤,"관광농원,팜스테이",1811485320,https://m.place.naver.com/place/1811485320?entry=ple,0507-1368-4415,제주 서귀포시 남원읍 남원체육관로 148-9 아빠가딴귤
장한철생가터,"기념관,생가",1201432301,https://m.place.naver.com/place/1201432301?entry=ple,#,제주 제주시 애월읍 애월로1길 26
제주모슬포알뜨르비행장일제지하벙커,문화재,17064995,https://m.place.naver.com/place/17064995?entry=ple,#,제주 서귀포시 대정읍 상모리 1670
김녕오조해안도로,"거리,골목",17033101,https://m.place.naver.com/place/17033101?entry=ple,#,제주 제주시 구좌읍 월정리 1400-36
편백포레스트 ATV,"관람,체험",1761519474,https://m.place.naver.com/place/1761519474?entry=ple,0507-1309-0967,제주 서귀포시 남원읍 서성로 544-97 토종흑염소목장
감귤따기체험농장,"관광농원,팜스테이",32036759,https://m.place.naver.com/place/32036759?entry=ple,#,제주 서귀포시 신효동 608
와흘본향당,문화재,1134981943,https://m.place.naver.com/place/1134981943?entry=ple,#,제주 제주시 조천읍 와흘리
영실기암,자연명소,17061975,https://m.place.naver.com/place/17061975?entry=ple,#,제주 서귀포시 하원동 산1-4
드라마[킹더랜드호텔]촬영지,촬영장소,1322975819,https://m.place.naver.com/place/1322975819?entry=ple,#,제주 서귀포시 중문관광로72번길 100
아연네하우스한라봉체험,"관람,체험",1959899537,https://m.place.naver.com/place/1959899537?entry=ple,010-7722-2876,제주 서귀포시 남원읍 태위로215번길 14-40
안오름,오름,17025985,https://m.place.naver.com/place/17025985?entry=ple,#,제주 제주시 애월읍 고성리
다정감귤체험농원,"관람,체험",701471372,https://m.place.naver.com/place/701471372?entry=ple,064-782-3686,제주 서귀포시 성산읍 서성일로 1063
하논오름,오름,17049111,https://m.place.naver.com/place/17049111?entry=ple,#,제주 서귀포시 호근동
이호테우 하양말등대,등대,1470243691,https://m.place.naver.com/place/1470243691?entry=ple,#,제주 제주시 이호일동 374-5
칠십리음식특화거리,먹자거리,19644322,https://m.place.naver.com/place/19644322?entry=ple,#,제주 서귀포시 서귀동
제주당처물동굴,동굴,13542380,https://m.place.naver.com/place/13542380?entry=ple,#,제주 제주시 구좌읍 월정리 1457
답다니탑망대,체험여행,17041252,https://m.place.naver.com/place/17041252?entry=ple,#,제주 제주시 우도면 연평리
무수천계곡,계곡,31206936,https://m.place.naver.com/place/31206936?entry=ple,#,제주 제주시 애월읍 광령리
제주숲길,체험여행,1718891281,https://m.place.naver.com/place/1718891281?entry=ple,0507-1317-1085,제주 서귀포시 막숙포로37번길 9-2
올레썸,"관람,체험",1987423108,https://m.place.naver.com/place/1987423108?entry=ple,070-4282-1666,제주 제주시 논세길 56
5.16도로숲터널,터널,17075073,https://m.place.naver.com/place/17075073?entry=ple,#,제주 서귀포시 남원읍 신례리
강정 어촌체험마을,체험마을,13476445,https://m.place.naver.com/place/13476445?entry=ple,064-739-0773,제주 서귀포시 말질로 290
뛔미정원,"관광농원,팜스테이",1943202534,https://m.place.naver.com/place/1943202534?entry=ple,0507-1300-4118,제주 서귀포시 남원읍 위미리 2159
용와이오름,오름,17085105,https://m.place.naver.com/place/17085105?entry=ple,#,제주 서귀포시 안덕면 상천리 산24
제주웰컴센터,관광안내소,17014851,https://m.place.naver.com/place/17014851?entry=ple,#,제주 제주시 선덕로 23
석부작테마공원,"도시,테마공원",1200890373,https://m.place.naver.com/place/1200890373?entry=ple,064-739-3196,제주 서귀포시 일주동로 8941
논오름,오름,17082845,https://m.place.naver.com/place/17082845?entry=ple,#,제주 서귀포시 안덕면 상창리
도두동 주민공원,자연공원,1929020493,https://m.place.naver.com/place/1929020493?entry=ple,#,제주 제주시 도두일동 1987
동백동산습지센터,부속시설,37418178,https://m.place.naver.com/place/37418178?entry=ple,#,제주 제주시 조천읍 동백로 77
노형미리내공원,근린공원,17004116,https://m.place.naver.com/place/17004116?entry=ple,064-728-8637,제주 제주시 미리내길 84
이호랜드방사제등대,등대,1564404542,https://m.place.naver.com/place/1564404542?entry=ple,064-720-2672,제주 제주시 이호일동 375-43
롯데호텔 제주아웃도어키즈월드,테마파크,19964292,https://m.place.naver.com/place/19964292?entry=ple,#,제주 서귀포시 중문관광로72번길 35
영화[인어공주]촬영지,촬영장소,21075736,https://m.place.naver.com/place/21075736?entry=ple,#,제주 제주시 우도면 연평리
협재동굴,동굴,13491608,https://m.place.naver.com/place/13491608?entry=ple,064-796-0001,제주 제주시 한림읍 한림로 300
제주공룡랜드토이랜드,부속시설,17024276,https://m.place.naver.com/place/17024276?entry=ple,#,제주 제주시 애월읍 광령평화2길 1
문화공원,근린공원,19657685,https://m.place.naver.com/place/19657685?entry=ple,#,제주 서귀포시 일주서로 2
제주악어타운,"관람,체험",17020683,https://m.place.naver.com/place/17020683?entry=ple,#,제주 제주시 한림읍 평화로 1360-10
해거름전망대,전망대,19654362,https://m.place.naver.com/place/19654362?entry=ple,#,제주 제주시 한경면 판포리 1608
신산신양해안도로,"거리,골목",17079823,https://m.place.naver.com/place/17079823?entry=ple,#,제주 서귀포시 성산읍 신산리 1130-7
서귀포 예래생태마을,체험마을,323244450,https://m.place.naver.com/place/323244450?entry=ple,064-738-6613,제주 서귀포시 예래로 82
제주드론파크,"레저,테마",1191117321,https://m.place.naver.com/place/1191117321?entry=ple,0507-1497-2888,제주 제주시 조천읍 남조로 2109-36
솔트리,"식물원,수목원",35928090,https://m.place.naver.com/place/35928090?entry=ple,064-784-0989,제주 제주시 구좌읍 번영로 2063
걸매생태공원축구장,부속시설,1955252344,https://m.place.naver.com/place/1955252344?entry=ple,064-760-3319,제주 서귀포시 서홍로 4-40
독자봉,"봉우리,고지",17080082,https://m.place.naver.com/place/17080082?entry=ple,#,제주 서귀포시 성산읍 신산리 1785
가메오름,오름,1174878874,https://m.place.naver.com/place/1174878874?entry=ple,#,제주 제주시 애월읍 봉성리 산125
폴개협동조합 드림캠프,체험여행,1967566859,https://m.place.naver.com/place/1967566859?entry=ple,0507-1465-0336,제주 서귀포시 남원읍 원님로 473
천아오름,오름,17024034,https://m.place.naver.com/place/17024034?entry=ple,#,제주 제주시 애월읍 산록서로 678-207
바람불어좋은날 천연염색 공방,"관람,체험",37935977,https://m.place.naver.com/place/37935977?entry=ple,064-794-1066,제주 서귀포시 안덕면 사계로 68 바람불어좋은날
"함덕 서핑, 카약, 패들보드","레저,테마",37677880,https://m.place.naver.com/place/37677880?entry=ple,064-784-7368,제주 제주시 조천읍 함덕리 1008
자배봉 유아숲체험원,"관람,체험",1759970176,https://m.place.naver.com/place/1759970176?entry=ple,064-764-9539,제주 서귀포시 남원읍 중산간동로 6658
제주돌문화공원 교래자연휴양림,"휴양림,산림욕장",19874910,https://m.place.naver.com/place/19874910?entry=ple,064-783-7482,제주 제주시 조천읍 교래리 95
궁대오름,오름,17078730,https://m.place.naver.com/place/17078730?entry=ple,#,제주 서귀포시 성산읍 금백조로 548
모진이몽돌해변,"해수욕장,해변",1162536793,https://m.place.naver.com/place/1162536793?entry=ple,#,제주특별자치 제주시 추자면 신양리 56
벵디귤,체험마을,1532491110,https://m.place.naver.com/place/1532491110?entry=ple,010-5098-9113,제주 제주시 한경면 청수리 1411-1
오래물광장,광장,1791132718,https://m.place.naver.com/place/1791132718?entry=ple,#,제주 제주시 도두일동 2605-5
장한철산책로,도보코스,1838808858,https://m.place.naver.com/place/1838808858?entry=ple,#,제주 제주시 애월읍 곽지리
세미오름,오름,17036012,https://m.place.naver.com/place/17036012?entry=ple,#,제주 제주시 조천읍 대흘리 산27-1
제주선인장마을,"관람,체험",17022951,https://m.place.naver.com/place/17022951?entry=ple,#,제주 제주시 한림읍 금능남로 418
더마카트,자연명소,1716568742,https://m.place.naver.com/place/1716568742?entry=ple,#,제주 제주시 한림읍 월림7길 155
자연치유정원,"휴양림,산림욕장",21845119,https://m.place.naver.com/place/21845119?entry=ple,#,제주 서귀포시 이어도로 293-28
물오름,오름,17071464,https://m.place.naver.com/place/17071464?entry=ple,#,제주 서귀포시 남원읍 한남리 산2-3
용담이호해안도로,"거리,골목",16989272,https://m.place.naver.com/place/16989272?entry=ple,#,제주 제주시 용담삼동 2572-2
민오름,오름,17071622,https://m.place.naver.com/place/17071622?entry=ple,#,제주 서귀포시 남원읍 수망리
송악산산방산해안도로,"거리,골목",17065134,https://m.place.naver.com/place/17065134?entry=ple,#,제주 서귀포시 대정읍 상모리 196-1
어음리억새군락지,자연명소,1464343555,https://m.place.naver.com/place/1464343555?entry=ple,#,제주 제주시 애월읍 어음리 산68-5
가새기오름,오름,16998802,https://m.place.naver.com/place/16998802?entry=ple,#,제주 제주시 오라3동 2848
제주농업생태원잔디썰매장,부속시설,21393609,https://m.place.naver.com/place/21393609?entry=ple,#,제주 서귀포시 남원읍 중산간동로 7327
서귀포귤하르방,"관광농원,팜스테이",1857228253,https://m.place.naver.com/place/1857228253?entry=ple,0507-1324-2313,제주 서귀포시 중산간서로 226
보롬왓메밀꽃축제,"축제,행사",1084817627,https://m.place.naver.com/place/1084817627?entry=ple,#,제주 서귀포시 표선면 번영로 2300
이도근린공원,근린공원,17095273,https://m.place.naver.com/place/17095273?entry=ple,064-728-3601,제주 제주시 이도공원동길 6
섯알오름,오름,31311290,https://m.place.naver.com/place/31311290?entry=ple,#,제주 서귀포시 대정읍 상모리 1618
해바담감귤마을교육농장,"관광농원,팜스테이",1202130143,https://m.place.naver.com/place/1202130143?entry=ple,010-8033-5880,제주 서귀포시 남원읍 태위로44번길 26-2 해바담감귤마을교육농장
서우봉,"봉우리,고지",13481080,https://m.place.naver.com/place/13481080?entry=ple,064-783-8014,제주 제주시 조천읍 함덕리 169-1
제주올레 14코스 공식안내소,관광안내소,1016124443,https://m.place.naver.com/place/1016124443?entry=ple,070-4060-0611,제주 제주시 한경면 중산간서로 3687
큰엄전망대,전망대,17070278,https://m.place.naver.com/place/17070278?entry=ple,#,제주 서귀포시 남원읍 태위로 522-17
성산일출축제,"축제,행사",20698120,https://m.place.naver.com/place/20698120?entry=ple,#,제주 서귀포시 성산읍 일출로 284-12
하귀애월해안도로드라이브코스,"거리,골목",17025007,https://m.place.naver.com/place/17025007?entry=ple,#,제주 제주시 애월읍 구엄리 1254-1
제주농업생태원감귤따기체험장,부속시설,21393611,https://m.place.naver.com/place/21393611?entry=ple,#,제주 서귀포시 남원읍 하례리 1591-4
1100고지드라이브코스,"거리,골목",17058611,https://m.place.naver.com/place/17058611?entry=ple,#,제주 서귀포시 중문동 산1-2
방애오름,오름,36773757,https://m.place.naver.com/place/36773757?entry=ple,#,제주 제주시 조천읍 교래리
민오름,오름,17030561,https://m.place.naver.com/place/17030561?entry=ple,#,제주 제주시 구좌읍 송당리 산156
극락오름,오름,17026127,https://m.place.naver.com/place/17026127?entry=ple,#,제주 제주시 애월읍 고성리
제주서문가구거리,"거리,골목",16987733,https://m.place.naver.com/place/16987733?entry=ple,#,제주 제주시 서문로 62
드라마[대장금]촬영지,촬영장소,17085215,https://m.place.naver.com/place/17085215?entry=ple,#,제주 서귀포시 표선면 민속해안로 631-34
제주돌마을공원,지역명소,13048704,https://m.place.naver.com/place/13048704?entry=ple,064-772-4007,제주 제주시 한림읍 금능남로 421 제주돌마을공원
사계 어촌체험마을,체험마을,19931412,https://m.place.naver.com/place/19931412?entry=ple,064-792-3090,제주 서귀포시 안덕면 형제해안로 13-1 사계어촌계
디아넥스 파크골프,"레저,테마",38628162,https://m.place.naver.com/place/38628162?entry=ple,064-793-6068,제주 서귀포시 안덕면 산록남로762번길 71
자배봉,"봉우리,고지",17073261,https://m.place.naver.com/place/17073261?entry=ple,#,제주 서귀포시 남원읍 위미리 산133-1
제주관광정보센터,관광안내소,1839413521,https://m.place.naver.com/place/1839413521?entry=ple,064-740-6000,제주 제주시 선덕로 23 제주웰컴센터1층
걸세악감귤체험농장,"관광농원,팜스테이",1481043387,https://m.place.naver.com/place/1481043387?entry=ple,010-2696-2351,제주 서귀포시 남원읍 하례로 377
신천올레해수풀장,"해수욕장,해변",1500075124,https://m.place.naver.com/place/1500075124?entry=ple,#,제주 서귀포시 신천로49번길 32
뽀로로 & 타요테마파크 매표소,부속건물,1221309553,https://m.place.naver.com/place/1221309553?entry=ple,064-742-8555,제주 서귀포시 안덕면 병악로 269
제주선흘리벵뒤굴,기념물,17037429,https://m.place.naver.com/place/17037429?entry=ple,#,제주 제주시 조천읍 선흘리 365-1
대정성지,문화재,17068368,https://m.place.naver.com/place/17068368?entry=ple,#,제주 서귀포시 대정읍 추사로247번길 102
제주오메가파크,"관람,체험",31730539,https://m.place.naver.com/place/31730539?entry=ple,#,제주 제주시 구좌읍 평대리 3059
일출봉유채밭,"관광농원,팜스테이",1992526146,https://m.place.naver.com/place/1992526146?entry=ple,#,제주 서귀포시 성산읍 성산리 397
산천단곰솔,자연명소,13481069,https://m.place.naver.com/place/13481069?entry=ple,064-728-2733,제주 제주시 아라일동 375-4
장생의숲길,도보코스,13481075,https://m.place.naver.com/place/13481075?entry=ple,064-728-3631,제주 제주시 명림로 584 절물휴양림
하귀애월해안도로,"거리,골목",17026855,https://m.place.naver.com/place/17026855?entry=ple,#,제주 제주시 애월읍 고내리 445-3
더마파크공연장,부속시설,20557921,https://m.place.naver.com/place/20557921?entry=ple,#,제주 제주시 한림읍 월림리 2365
한라산아래 첫마을 고배기동산,산책로,1021947485,https://m.place.naver.com/place/1021947485?entry=ple,#,제주 서귀포시 안덕면 광평리 산67
높은오름,오름,17030636,https://m.place.naver.com/place/17030636?entry=ple,#,제주 제주시 구좌읍 송당리 산213-1
서광동리 곶자왈 생태탐방로,도보코스,1880206452,https://m.place.naver.com/place/1880206452?entry=ple,#,제주 서귀포시 안덕면 서광리 산6
윗세오름-남벽,오름,17050459,https://m.place.naver.com/place/17050459?entry=ple,#,제주 서귀포시 동홍동
이달오름,오름,17028984,https://m.place.naver.com/place/17028984?entry=ple,064-710-6072,제주 제주시 애월읍 봉성리 산71-1
겹동백길,자연명소,1999149306,https://m.place.naver.com/place/1999149306?entry=ple,#,제주 서귀포시 안덕면 광평리 산97-8
동복관광체험어장,체험여행,17030378,https://m.place.naver.com/place/17030378?entry=ple,#,제주 제주시 구좌해안로 35
제주시생활체육공원,"도시,테마공원",16819574,https://m.place.naver.com/place/16819574?entry=ple,064-758-7251,제주 제주시 와흘전1길 32 회천운동장
하멜기념비,기념물,17083448,https://m.place.naver.com/place/17083448?entry=ple,#,제주 서귀포시 안덕면 사계리 1977
스누피가든카페,부속시설,1609475960,https://m.place.naver.com/place/1609475960?entry=ple,#,제주 제주시 금백조로 930
거북등대,등대,37784006,https://m.place.naver.com/place/37784006?entry=ple,#,제주 제주시 한림읍 귀덕리 989-9
렛츠런팜제주제주목장실내마장,부속시설,1539925603,https://m.place.naver.com/place/1539925603?entry=ple,#,제주 제주시 조천읍 남조로 1649-48
제주아트랜드조각공원,부속시설,32417908,https://m.place.naver.com/place/32417908?entry=ple,#,제주 제주시 구좌읍 송당리 2762-1
서부두명품횟집거리,먹자거리,19657645,https://m.place.naver.com/place/19657645?entry=ple,#,제주 제주시 건입동
알오름,오름,36773704,https://m.place.naver.com/place/36773704?entry=ple,#,제주 제주시 화북일동
서귀포해양도립공원,도립공원,13491415,https://m.place.naver.com/place/13491415?entry=ple,064-760-2911,제주 서귀포시 남성중로 43 영신토산품.관광낚시선
가파초등학교 마라분교장,자연명소,1215132017,https://m.place.naver.com/place/1215132017?entry=ple,#,제주 서귀포시 마라로 58
우도 봉수대,문화재,1182146696,https://m.place.naver.com/place/1182146696?entry=ple,#,제주 제주시 우도면 연평리
정월오름,오름,17023264,https://m.place.naver.com/place/17023264?entry=ple,#,제주 제주시 한림읍 금능리
이슬농원,"관광농원,팜스테이",1287198887,https://m.place.naver.com/place/1287198887?entry=ple,010-3878-2048,제주 서귀포시 남원읍 신례로379번길 49-20
안친오름,오름,17030600,https://m.place.naver.com/place/17030600?entry=ple,#,제주 제주시 구좌읍 송당리 880-1
통오름,오름,17079890,https://m.place.naver.com/place/17079890?entry=ple,#,제주 서귀포시 성산읍 난산리 1976-1
화랑수석원,체험여행,16928940,https://m.place.naver.com/place/16928940?entry=ple,064-739-4441,제주 서귀포시 회수동 573-1
마라해양군립공원,"군립,시립공원",17065113,https://m.place.naver.com/place/17065113?entry=ple,#,제주 서귀포시 대정읍 상모리
신비의도로,"거리,골목",16995356,https://m.place.naver.com/place/16995356?entry=ple,#,제주 제주시 아라일동 산45-1
낙천리아홉굿의자마을,자연명소,1594717606,https://m.place.naver.com/place/1594717606?entry=ple,064-733-1946,제주 제주시 한경면 낙수로 97
불탑사5층석탑,보물,20103460,https://m.place.naver.com/place/20103460?entry=ple,064-710-3314,제주 제주시 삼양일동 원당로16길 41
구좌읍조개잡이체험어장,"관람,체험",17030327,https://m.place.naver.com/place/17030327?entry=ple,#,제주 제주시 구좌읍 동복리
산세미오름,오름,17026097,https://m.place.naver.com/place/17026097?entry=ple,#,제주 제주시 애월읍 고성리 산127
모드락바당,체험여행,1192656991,https://m.place.naver.com/place/1192656991?entry=ple,0507-1335-2964,제주 서귀포시 성산읍 일출로 264-4
세화리 농어촌체험휴양마을,체험마을,1237401872,https://m.place.naver.com/place/1237401872?entry=ple,0507-1369-2010,제주 제주시 구좌읍 세평항로 46-9 1층
붉은오름,오름,36773749,https://m.place.naver.com/place/36773749?entry=ple,#,제주 서귀포시 성산읍 고성리
휴애리매화축제,꽃축제,1581261584,https://m.place.naver.com/place/1581261584?entry=ple,#,제주 서귀포시 남원읍 신례리 2070-5
용담이호해안도로드라이브코스,"거리,골목",16989131,https://m.place.naver.com/place/16989131?entry=ple,#,제주 제주시 용담삼동 2580
AI미래기술주니어아카데미체험관,"관람,체험",1103706530,https://m.place.naver.com/place/1103706530?entry=ple,064-759-3007,제주 제주시 첨단로 330 세미양빌딩 2층
돌오름,오름,17085112,https://m.place.naver.com/place/17085112?entry=ple,#,제주 서귀포시 안덕면 상천리
모지오름,오름,17088128,https://m.place.naver.com/place/17088128?entry=ple,#,제주 서귀포시 표선면 성읍리 산22
설문대공원,근린공원,493482706,https://m.place.naver.com/place/493482706?entry=ple,#,제주 서귀포시 서호북로 23
제주목관아,"유적지,사적지",1535700747,https://m.place.naver.com/place/1535700747?entry=ple,064-710-6716,제주 제주시 관덕로7길 13
존자암지세존사리탑,기념물,17062075,https://m.place.naver.com/place/17062075?entry=ple,#,제주 서귀포시 영실로 243
휴애리핑크뮬리축제,꽃축제,1693309596,https://m.place.naver.com/place/1693309596?entry=ple,#,제주 서귀포시 남원읍 신례리 2070-5
별도연대,문화재,1316755536,https://m.place.naver.com/place/1316755536?entry=ple,#,제주 제주시 화북일동
당오름,오름,17084653,https://m.place.naver.com/place/17084653?entry=ple,064-760-4351,제주 서귀포시 안덕면 동광리 산68-1
부영농원,"관광농원,팜스테이",37592349,https://m.place.naver.com/place/37592349?entry=ple,010-7240-7576,제주 제주시 조천읍 선흘리 3474
마이시크릿포레스트,자연공원,970795933,https://m.place.naver.com/place/970795933?entry=ple,02-6008-2461,제주 제주시 구좌읍 상도동길 124-46
뮤직비디오[BTS화양연화]촬영지,촬영장소,1963437344,https://m.place.naver.com/place/1963437344?entry=ple,#,제주 제주시 남조로 2109-36
신례리왕벚나무자생지,기념물,37207909,https://m.place.naver.com/place/37207909?entry=ple,#,제주 서귀포시 남원읍 신례리 산2-1
환태평양평화소공원,"도시,테마공원",33158541,https://m.place.naver.com/place/33158541?entry=ple,#,제주 서귀포시 대정읍 상모리 1683-7
제이각,기념물,1196845194,https://m.place.naver.com/place/1196845194?entry=ple,#,제주 제주시 오현길 56
에코랜드 테마파크풍차,부속건물,20104174,https://m.place.naver.com/place/20104174?entry=ple,#,제주 제주시 조천읍 남조로 1982
제주허브동산동백축제,꽃축제,1820620418,https://m.place.naver.com/place/1820620418?entry=ple,#,제주 서귀포시 표선면 표선리 2610
평대리불턱,자연명소,1439050448,https://m.place.naver.com/place/1439050448?entry=ple,#,제주 제주시 구좌읍 해맞이해안로 1240-3
풍차초콜릿체험장,"관람,체험",177743268,https://m.place.naver.com/place/177743268?entry=ple,010-9560-7710,제주 제주시 한경면 일주서로 4187 초콜릿체험장
벌내물공원,근린공원,17039928,https://m.place.naver.com/place/17039928?entry=ple,#,제주 제주시 한경면 신창리 1321
까멜리야힐,"레저,테마",32169289,https://m.place.naver.com/place/32169289?entry=ple,064-792-1567,제주 서귀포시 안덕면 병악로 166
한림읍월령리마을,체험마을,1227559708,https://m.place.naver.com/place/1227559708?entry=ple,064-796-2582,제주 제주시 한림읍 월령1길 11
까끄래기오름,오름,17037223,https://m.place.naver.com/place/17037223?entry=ple,#,제주 제주시 조천읍 교래리
무수천,"강,하천",13491633,https://m.place.naver.com/place/13491633?entry=ple,#,제주 제주시 애월읍 광령리
레드서브마린,"관람,체험",1321962048,https://m.place.naver.com/place/1321962048?entry=ple,064-796-7710,제주 제주시 한림읍 귀덕리 3962-3
제주올레 18코스 공식안내소,관광안내소,1421949544,https://m.place.naver.com/place/1421949544?entry=ple,070-4060-0616,제주 제주시 관덕로8길 7-9
북수구광장,광장,1358016745,https://m.place.naver.com/place/1358016745?entry=ple,#,제주 제주시 일도일동 1231-1
일도체육공원,"도시,테마공원",17090052,https://m.place.naver.com/place/17090052?entry=ple,#,제주 제주시 일도이동 46-2
제주올레 19코스 공식안내소,관광안내소,1788220830,https://m.place.naver.com/place/1788220830?entry=ple,070-4060-0614,제주 제주시 조천읍 조천북6길 44
비자림로,"거리,골목",17054228,https://m.place.naver.com/place/17054228?entry=ple,#,제주 제주시 구좌읍 송당리 2341-1
롯데아트빌라스펜트하우스,부속시설,30820728,https://m.place.naver.com/place/30820728?entry=ple,#,제주 서귀포시 색달중앙로252번길 124
부대오름,오름,17037374,https://m.place.naver.com/place/17037374?entry=ple,#,제주 제주시 조천읍 선흘리 산103-1
서귀포시 어린이건강체험관,"관람,체험",1558156956,https://m.place.naver.com/place/1558156956?entry=ple,#,제주 서귀포시 서호남로 12
하늘아래수목원,"식물원,수목원",19648136,https://m.place.naver.com/place/19648136?entry=ple,#,제주 서귀포시 호근북로 368
마복이오름,오름,17085066,https://m.place.naver.com/place/17085066?entry=ple,#,제주 서귀포시 안덕면 상천리 산83
에코랜드 테마파크피크닉가든역,부속건물,20104176,https://m.place.naver.com/place/20104176?entry=ple,#,제주 제주시 조천읍 남조로 1982
송악산진지동굴,동굴,21274681,https://m.place.naver.com/place/21274681?entry=ple,#,제주 서귀포시 대정읍 상모리
도두오래물,"샘,약수",13481070,https://m.place.naver.com/place/13481070?entry=ple,064-728-4951,제주 제주시 도두일동 2605-13
교래 삼다수마을,체험마을,653022465,https://m.place.naver.com/place/653022465?entry=ple,064-784-1746,제주 제주시 조천읍 비자림로 702-57
스누피가든사계절스케이트장,부속시설,1909684927,https://m.place.naver.com/place/1909684927?entry=ple,#,제주 제주시 구좌읍 송당리 2845
제주영어교육도시,"관람,체험",13522727,https://m.place.naver.com/place/13522727?entry=ple,064-797-5500,제주 서귀포시 대정읍 구억리 산1
드라마[맨도롱또똣]촬영지,촬영장소,36734021,https://m.place.naver.com/place/36734021?entry=ple,#,제주 제주시 한림읍 한림해안로 595
대포주상절리 관광안내소,관광안내소,1831490051,https://m.place.naver.com/place/1831490051?entry=ple,064-738-1393,제주 서귀포시 이어도로 36-30
꽃과썸타다,자연명소,38552225,https://m.place.naver.com/place/38552225?entry=ple,064-792-1165,제주 서귀포시 안덕면 동광로 151
제주센트럴파크공룡의나라,부속시설,32408150,https://m.place.naver.com/place/32408150?entry=ple,#,제주 제주시 조천읍 교래리 603
우도올레보트,자연명소,1775300701,https://m.place.naver.com/place/1775300701?entry=ple,#,제주 제주시 우도면 연평리 2562
대정읍성,성곽명,17068287,https://m.place.naver.com/place/17068287?entry=ple,#,제주 서귀포시 추사로38번길 19-26
우도지석묘,"릉,묘,총",17041617,https://m.place.naver.com/place/17041617?entry=ple,#,제주 제주시 우도면 연평리 1723
테쉬폰,"관람,체험",1437029963,https://m.place.naver.com/place/1437029963?entry=ple,#,제주 제주시 한림읍 금악동길 28
삼의봉,"봉우리,고지",16995323,https://m.place.naver.com/place/16995323?entry=ple,#,제주 제주시 아라일동 산24-2
제주돌문화공원돌하르방,부속시설,17036739,https://m.place.naver.com/place/17036739?entry=ple,#,제주 제주시 조천읍 남조로 2023
물찻오름,오름,13479159,https://m.place.naver.com/place/13479159?entry=ple,#,제주 제주시 조천읍 교래리
교래리소공원,"도시,테마공원",17036905,https://m.place.naver.com/place/17036905?entry=ple,#,제주 제주시 조천읍 교래리 280
브로스감귤체험농장,"관광농원,팜스테이",1054663113,https://m.place.naver.com/place/1054663113?entry=ple,#,제주 제주시 조천읍 신촌리 801-1
제주공룡랜드동물미로공원,부속시설,20551073,https://m.place.naver.com/place/20551073?entry=ple,#,제주 제주시 애월읍 광령리 2698-3
진아영할머니집터,"기념관,생가",1746611759,https://m.place.naver.com/place/1746611759?entry=ple,#,제주 제주시 한림읍 월령1길 22
제주신화전설탐방로 신나락만나락,"관람,체험",1487935988,https://m.place.naver.com/place/1487935988?entry=ple,#,제주 서귀포시 안덕면 녹차분재로 218
강정제1호공원,근린공원,594020708,https://m.place.naver.com/place/594020708?entry=ple,#,제주 서귀포시 신서로 43
